#
# There is insufficient memory for the Java Runtime Environment to continue.
# Native memory allocation (malloc) failed to allocate 1817112 bytes. Error detail: Chunk::new
# Possible reasons:
#   The system is out of physical RAM or swap space
#   This process is running with CompressedOops enabled, and the Java Heap may be blocking the growth of the native heap
# Possible solutions:
#   Reduce memory load on the system
#   Increase physical memory or swap space
#   Check if swap backing store is full
#   Decrease Java heap size (-Xmx/-Xms)
#   Decrease number of Java threads
#   Decrease Java thread stack sizes (-Xss)
#   Set larger code cache with -XX:ReservedCodeCacheSize=
#   JVM is running with Zero Based Compressed Oops mode in which the Java heap is
#     placed in the first 32GB address space. The Java Heap base address is the
#     maximum limit for the native heap growth. Please use -XX:HeapBaseMinAddress
#     to set the Java Heap base and to place the Java Heap above 32GB virtual address.
# This output file may be truncated or incomplete.
#
#  Out of Memory Error (arena.cpp:186), pid=13480, tid=10348
#
# JRE version: OpenJDK Runtime Environment Temurin-25.0.3+9 (25.0.3+9) (build 25.0.3+9-LTS)
# Java VM: OpenJDK 64-Bit Server VM Temurin-25.0.3+9 (25.0.3+9-LTS, mixed mode, sharing, tiered, compressed oops, compressed class ptrs, g1 gc, windows-amd64)
# No core dump will be written. Minidumps are not enabled by default on client versions of Windows
#

---------------  S U M M A R Y ------------

Command Line: --add-opens=java.base/java.lang=ALL-UNNAMED --add-opens=java.base/java.lang.invoke=ALL-UNNAMED --add-opens=java.base/java.util=ALL-UNNAMED --add-opens=java.prefs/java.util.prefs=ALL-UNNAMED --add-exports=jdk.compiler/com.sun.tools.javac.api=ALL-UNNAMED --add-exports=jdk.compiler/com.sun.tools.javac.util=ALL-UNNAMED --add-opens=java.base/java.nio.charset=ALL-UNNAMED --add-opens=java.base/java.net=ALL-UNNAMED --add-opens=java.base/java.util.concurrent=ALL-UNNAMED --add-opens=java.base/java.util.concurrent.atomic=ALL-UNNAMED --add-opens=java.xml/javax.xml.namespace=ALL-UNNAMED --add-opens=java.base/java.time=ALL-UNNAMED --enable-native-access=ALL-UNNAMED -Xmx4096m -Dfile.encoding=UTF-8 -Duser.country=MX -Duser.language=es -Duser.variant -javaagent:C:\Users\Abraham Sistemas\.gradle\wrapper\dists\gradle-9.7.1-bin\1w1c7tv4s851m17nbqdsro2tv\gradle-9.7.1\lib\agents\gradle-instrumentation-agent-9.7.1.jar org.gradle.launcher.daemon.bootstrap.GradleDaemon 9.7.1

Host: Intel(R) Core(TM) i7-8550U CPU @ 1.80GHz, 8 cores, 7G,  Windows 11 , 64 bit Build 26100 (10.0.26100.9444)
Time: Thu Sep 24 09:09:12 2026 Hora estándar central (México) elapsed time: 66.883367 seconds (0d 0h 1m 6s)

---------------  T H R E A D  ---------------

Current thread (0x00000175c6d36fe0):  JavaThread "C2 CompilerThread0" daemon [_thread_in_native, id=10348, stack(0x000000113d300000,0x000000113d400000) (1024K)]


Current CompileTask:
C2:66883 33565       4       org.gradle.internal.classpath.DefaultClassPath::plus (57 bytes)

Stack: [0x000000113d300000,0x000000113d400000]
Native frames: (J=compiled Java code, j=interpreted, Vv=VM code, C=native code)
V  [jvm.dll+0x7aa709]  (no source info available)
V  [jvm.dll+0x7749ed]  (no source info available)
V  [jvm.dll+0x9f7433]  (no source info available)
V  [jvm.dll+0x9f9a21]  (no source info available)
V  [jvm.dll+0x9fa133]  (no source info available)
V  [jvm.dll+0x2fd266]  (no source info available)
V  [jvm.dll+0x1113c6]  (no source info available)
V  [jvm.dll+0x1116ee]  (no source info available)
V  [jvm.dll+0x1a0342]  (no source info available)
V  [jvm.dll+0x3b67e2]  (no source info available)
V  [jvm.dll+0x7b007c]  (no source info available)
V  [jvm.dll+0x2c0847]  (no source info available)
V  [jvm.dll+0x2bf80f]  (no source info available)
V  [jvm.dll+0x2374a0]  (no source info available)
V  [jvm.dll+0x2cf906]  (no source info available)
V  [jvm.dll+0x2cdb8a]  (no source info available)
V  [jvm.dll+0x49070e]  (no source info available)
V  [jvm.dll+0x99894d]  (no source info available)
V  [jvm.dll+0x7a8ce5]  (no source info available)
C  [ucrtbase.dll+0x2cd30]  (no source info available)
C  [KERNEL32.DLL+0x2cd87]  (no source info available)
C  [ntdll.dll+0xacaec]  (no source info available)

Lock stack of current Java thread (top to bottom):


---------------  P R O C E S S  ---------------

Threads class SMR info:
_java_thread_list=0x00000175ce7c3940, length=47, elements={
0x00000175a77c4c20, 0x00000175c6e83180, 0x00000175c6e848b0, 0x00000175c6e89880,
0x00000175c6e8b450, 0x00000175c6e8d9b0, 0x00000175c6e8e570, 0x00000175c6d36fe0,
0x00000175c6d38000, 0x00000175c73bcb40, 0x00000175c744e900, 0x00000175cd9521e0,
0x00000175cd9a9d60, 0x00000175cd9dd190, 0x00000175cda23090, 0x00000175cda2a2e0,
0x00000175cda300a0, 0x00000175cda31040, 0x00000175cdbcfc90, 0x00000175ce37eea0,
0x00000175ce37df00, 0x00000175cf6b20d0, 0x00000175cf6b6ef0, 0x00000175cf6b76c0,
0x00000175ceebbe20, 0x00000175ce709cb0, 0x00000175ce70e300, 0x00000175ce70ead0,
0x00000175ce70bbf0, 0x00000175ce7140c0, 0x00000175ce714890, 0x00000175ce716000,
0x00000175ce715830, 0x00000175c777ffd0, 0x00000175c777e860, 0x00000175c777f030,
0x00000175e64103d0, 0x00000175c7784df0, 0x00000175c7783680, 0x00000175c77826e0,
0x00000175c77855c0, 0x00000175c7785d90, 0x00000175c7788c70, 0x00000175c7789440,
0x00000175c7786d30, 0x00000175c7787cd0, 0x00000175c778bb50
}

Java Threads: ( => current thread )
  0x00000175a77c4c20 JavaThread "main"                              [_thread_blocked, id=19760, stack(0x000000113c500000,0x000000113c600000) (1024K)]
  0x00000175c6e83180 JavaThread "Reference Handler"          daemon [_thread_blocked, id=14500, stack(0x000000113cd00000,0x000000113ce00000) (1024K)]
  0x00000175c6e848b0 JavaThread "Finalizer"                  daemon [_thread_blocked, id=8436, stack(0x000000113ce00000,0x000000113cf00000) (1024K)]
  0x00000175c6e89880 JavaThread "Signal Dispatcher"          daemon [_thread_blocked, id=13952, stack(0x000000113cf00000,0x000000113d000000) (1024K)]
  0x00000175c6e8b450 JavaThread "Attach Listener"            daemon [_thread_blocked, id=6960, stack(0x000000113d000000,0x000000113d100000) (1024K)]
  0x00000175c6e8d9b0 JavaThread "Service Thread"             daemon [_thread_blocked, id=18600, stack(0x000000113d100000,0x000000113d200000) (1024K)]
  0x00000175c6e8e570 JavaThread "Monitor Deflation Thread"   daemon [_thread_blocked, id=8728, stack(0x000000113d200000,0x000000113d300000) (1024K)]
=>0x00000175c6d36fe0 JavaThread "C2 CompilerThread0"         daemon [_thread_in_native, id=10348, stack(0x000000113d300000,0x000000113d400000) (1024K)]
  0x00000175c6d38000 JavaThread "C1 CompilerThread0"         daemon [_thread_blocked, id=7740, stack(0x000000113d400000,0x000000113d500000) (1024K)]
  0x00000175c73bcb40 JavaThread "Common-Cleaner"             daemon [_thread_blocked, id=17772, stack(0x000000113d600000,0x000000113d700000) (1024K)]
  0x00000175c744e900 JavaThread "Notification Thread"        daemon [_thread_blocked, id=13348, stack(0x000000113d700000,0x000000113d800000) (1024K)]
  0x00000175cd9521e0 JavaThread "Daemon health stats"               [_thread_blocked, id=9696, stack(0x000000113da00000,0x000000113db00000) (1024K)]
  0x00000175cd9a9d60 JavaThread "Incoming local TCP Connector on port 59865"        [_thread_in_native, id=21444, stack(0x000000113d500000,0x000000113d600000) (1024K)]
  0x00000175cd9dd190 JavaThread "Daemon periodic checks"            [_thread_blocked, id=19420, stack(0x000000113df00000,0x000000113e000000) (1024K)]
  0x00000175cda23090 JavaThread "Daemon"                            [_thread_blocked, id=8332, stack(0x000000113e000000,0x000000113e100000) (1024K)]
  0x00000175cda2a2e0 JavaThread "Daemon worker"                     [_thread_in_Java, id=8052, stack(0x000000113e300000,0x000000113e400000) (1024K)]
  0x00000175cda300a0 JavaThread "Cache worker for journal cache (C:\Users\Abraham Sistemas\.gradle\caches\journal-1)"        [_thread_blocked, id=14672, stack(0x000000113e700000,0x000000113e800000) (1024K)]
  0x00000175cda31040 JavaThread "File lock request listener"        [_thread_in_native, id=12032, stack(0x000000113e800000,0x000000113e900000) (1024K)]
  0x00000175cdbcfc90 JavaThread "Cache worker for file hash cache (C:\Users\Abraham Sistemas\.gradle\caches\9.7.1\fileHashes)"        [_thread_blocked, id=3044, stack(0x000000113e900000,0x000000113ea00000) (1024K)]
  0x00000175ce37eea0 JavaThread "File watcher server"        daemon [_thread_in_native, id=11244, stack(0x000000113f000000,0x000000113f100000) (1024K)]
  0x00000175ce37df00 JavaThread "File watcher consumer"      daemon [_thread_blocked, id=7012, stack(0x000000113f100000,0x000000113f200000) (1024K)]
  0x00000175cf6b20d0 JavaThread "Cache worker for file content cache (C:\Users\Abraham Sistemas\.gradle\caches\9.7.1\fileContent)"        [_thread_blocked, id=19924, stack(0x000000113f200000,0x000000113f300000) (1024K)]
  0x00000175cf6b6ef0 JavaThread "jar transforms"                    [_thread_blocked, id=5744, stack(0x000000113f600000,0x000000113f700000) (1024K)]
  0x00000175cf6b76c0 JavaThread "jar transforms Thread 2"           [_thread_blocked, id=13536, stack(0x000000113f700000,0x000000113f800000) (1024K)]
  0x00000175ceebbe20 JavaThread "Memory manager"                    [_thread_blocked, id=16552, stack(0x000000113ff00000,0x0000001140000000) (1024K)]
  0x00000175ce709cb0 JavaThread "VFS cleanup"                       [_thread_blocked, id=3172, stack(0x000000113e400000,0x000000113e500000) (1024K)]
  0x00000175ce70e300 JavaThread "Handler for socket connection from /127.0.0.1:59865 to /127.0.0.1:59878"        [_thread_in_native, id=12888, stack(0x000000113c200000,0x000000113c300000) (1024K)]
  0x00000175ce70ead0 JavaThread "Cancel handler"                    [_thread_blocked, id=1644, stack(0x000000113c300000,0x000000113c400000) (1024K)]
  0x00000175ce70bbf0 JavaThread "Asynchronous log dispatcher for DefaultDaemonConnection: socket connection from /127.0.0.1:59865 to /127.0.0.1:59878"        [_thread_blocked, id=10916, stack(0x000000113c400000,0x000000113c500000) (1024K)]
  0x00000175ce7140c0 JavaThread "Stdin handler"                     [_thread_blocked, id=3916, stack(0x000000113e100000,0x000000113e200000) (1024K)]
  0x00000175ce714890 JavaThread "Daemon client event forwarder"        [_thread_blocked, id=21228, stack(0x000000113e200000,0x000000113e300000) (1024K)]
  0x00000175ce716000 JavaThread "Cache worker for file hash cache (C:\Users\Abraham Sistemas\Documents\GitHub\Intra_Hangten_VB.net\Equilibrio\.gradle\9.7.1\fileHashes)"        [_thread_blocked, id=18188, stack(0x000000113e500000,0x000000113e600000) (1024K)]
  0x00000175ce715830 JavaThread "Cache worker for Build Output Cleanup Cache (C:\Users\Abraham Sistemas\Documents\GitHub\Intra_Hangten_VB.net\Equilibrio\.gradle\buildOutputCleanup)"        [_thread_blocked, id=19912, stack(0x000000113e600000,0x000000113e700000) (1024K)]
  0x00000175c777ffd0 JavaThread "Cache worker for checksums cache (C:\Users\Abraham Sistemas\Documents\GitHub\Intra_Hangten_VB.net\Equilibrio\.gradle\9.7.1\checksums)"        [_thread_blocked, id=15168, stack(0x000000113ea00000,0x000000113eb00000) (1024K)]
  0x00000175c777e860 JavaThread "Cache worker for cache directory md-supplier (C:\Users\Abraham Sistemas\.gradle\caches\9.7.1\md-supplier)"        [_thread_blocked, id=8516, stack(0x000000113ec00000,0x000000113ed00000) (1024K)]
  0x00000175c777f030 JavaThread "Cache worker for cache directory md-rule (C:\Users\Abraham Sistemas\.gradle\caches\9.7.1\md-rule)"        [_thread_blocked, id=16060, stack(0x000000113ee00000,0x000000113ef00000) (1024K)]
  0x00000175e64103d0 JavaThread "C2 CompilerThread1"         daemon [_thread_in_native, id=6776, stack(0x000000113ef00000,0x000000113f000000) (1024K)]
  0x00000175c7784df0 JavaThread "Build operations"                  [_thread_blocked, id=18640, stack(0x000000113f300000,0x000000113f400000) (1024K)]
  0x00000175c7783680 JavaThread "Build operations Thread 2"         [_thread_blocked, id=5664, stack(0x000000113f400000,0x000000113f500000) (1024K)]
  0x00000175c77826e0 JavaThread "Build operations Thread 3"         [_thread_blocked, id=13164, stack(0x000000113f500000,0x000000113f600000) (1024K)]
  0x00000175c77855c0 JavaThread "Build operations Thread 4"         [_thread_blocked, id=15208, stack(0x000000113f800000,0x000000113f900000) (1024K)]
  0x00000175c7785d90 JavaThread "Build operations Thread 5"         [_thread_blocked, id=6928, stack(0x000000113f900000,0x000000113fa00000) (1024K)]
  0x00000175c7788c70 JavaThread "Build operations Thread 6"         [_thread_blocked, id=13028, stack(0x000000113fa00000,0x000000113fb00000) (1024K)]
  0x00000175c7789440 JavaThread "Build operations Thread 7"         [_thread_blocked, id=15844, stack(0x000000113fb00000,0x000000113fc00000) (1024K)]
  0x00000175c7786d30 JavaThread "Build operations Thread 8"         [_thread_blocked, id=19808, stack(0x000000113fc00000,0x000000113fd00000) (1024K)]
  0x00000175c7787cd0 JavaThread "build event listener"              [_thread_blocked, id=18980, stack(0x000000113fd00000,0x000000113fe00000) (1024K)]
  0x00000175c778bb50 JavaThread "build event listener"              [_thread_blocked, id=7744, stack(0x000000113fe00000,0x000000113ff00000) (1024K)]
Total: 47

Other Threads:
  0x00000175c6e6ebb0 VMThread "VM Thread"                           [id=13540, stack(0x000000113cc00000,0x000000113cd00000) (1024K)]
  0x00000175c6e5ca40 WatcherThread "VM Periodic Task Thread"        [id=13604, stack(0x000000113cb00000,0x000000113cc00000) (1024K)]
  0x00000175a7832df0 WorkerThread "GC Thread#0"                     [id=10808, stack(0x000000113c600000,0x000000113c700000) (1024K)]
  0x00000175cc6ea6a0 WorkerThread "GC Thread#1"                     [id=12376, stack(0x000000113d800000,0x000000113d900000) (1024K)]
  0x00000175cc6eaee0 WorkerThread "GC Thread#2"                     [id=19800, stack(0x000000113d900000,0x000000113da00000) (1024K)]
  0x00000175cd993230 WorkerThread "GC Thread#3"                     [id=18984, stack(0x000000113db00000,0x000000113dc00000) (1024K)]
  0x00000175cd992de0 WorkerThread "GC Thread#4"                     [id=19996, stack(0x000000113dc00000,0x000000113dd00000) (1024K)]
  0x00000175cd993680 WorkerThread "GC Thread#5"                     [id=5560, stack(0x000000113dd00000,0x000000113de00000) (1024K)]
  0x00000175cd993f20 WorkerThread "GC Thread#6"                     [id=9532, stack(0x000000113de00000,0x000000113df00000) (1024K)]
  0x00000175cd993ad0 WorkerThread "GC Thread#7"                     [id=6596, stack(0x000000113eb00000,0x000000113ec00000) (1024K)]
  0x00000175a784cc30 ConcurrentGCThread "G1 Main Marker"            [id=19168, stack(0x000000113c700000,0x000000113c800000) (1024K)]
  0x00000175a784df70 WorkerThread "G1 Conc#0"                       [id=19504, stack(0x000000113c800000,0x000000113c900000) (1024K)]
  0x00000175cd995060 WorkerThread "G1 Conc#1"                       [id=8340, stack(0x000000113ed00000,0x000000113ee00000) (1024K)]
  0x00000175c6d21970 ConcurrentGCThread "G1 Refine#0"               [id=18228, stack(0x000000113c900000,0x000000113ca00000) (1024K)]
  0x00000175c6d21f30 ConcurrentGCThread "G1 Service"                [id=19424, stack(0x000000113ca00000,0x000000113cb00000) (1024K)]
Total: 15

Threads with active compile tasks:
C2 CompilerThread0  67093 33565       4       org.gradle.internal.classpath.DefaultClassPath::plus (57 bytes)
C2 CompilerThread1  67094 33605       4       org.gradle.api.internal.artifacts.ivyservice.modulecache.ModuleMetadataSerializer$Reader::readVariantDependencyExcludes (61 bytes)
Total: 2

VM state: not at safepoint (normal execution)

VM Mutex/Monitor currently owned by a thread: None

Heap address: 0x0000000700000000, size: 4096 MB, Compressed Oops mode: Zero based, Oop shift amount: 3

CDS archive(s) mapped at: [0x0000000092000000-0x0000000092dd0000-0x0000000092dd0000), size 14483456, SharedBaseAddress: 0x0000000092000000, ArchiveRelocationMode: 1.
Compressed class space mapped at: 0x0000000093000000-0x00000000d3000000, reserved size: 1073741824
UseCompressedClassPointers 1, UseCompactObjectHeaders 0
Narrow klass pointer bits 32, Max shift 3
Narrow klass base: 0x0000000092000000, Narrow klass shift: 0
Encoding Range: [0x0000000092000000 - 0x0000000192000000), (4294967296 bytes)
Klass Range:    [0x0000000092010000 - 0x00000000d3000000), (1090453504 bytes)
Klass ID Range:  [65536 - 1090519033) (1090453497)
Protection zone: [0x0000000092000000 - 0x0000000092010000), (65536 bytes)

GC Precious Log:
 CardTable entry size: 512
 Card Set container configuration: InlinePtr #cards 4 size 8 Array Of Cards #cards 16 size 48 Howl #buckets 8 coarsen threshold 3686 Howl Bitmap #cards 512 size 80 coarsen threshold 460 Card regions per heap region 1 cards per card region 4096
 CPUs: 8 total, 8 available
 Memory: 8089M
 Large Page Support: Disabled
 NUMA Support: Disabled
 Compressed Oops: Enabled (Zero based)
 Heap Region Size: 2M
 Heap Min Capacity: 8M
 Heap Initial Capacity: 128M
 Heap Max Capacity: 4G
 Pre-touch: Disabled
 Parallel Workers: 8
 Concurrent Workers: 2
 Concurrent Refinement Workers: 8
 Periodic GC: Disabled

Heap:
 garbage-first heap   total reserved 4194304K, committed 757760K, used 452605K [0x0000000700000000, 0x0000000800000000)
  region size 2048K, 87 young (178176K), 18 survivors (36864K)

Heap Regions: E=young(eden), S=young(survivor), O=old, HS=humongous(starts), HC=humongous(continues), CS=collection set, F=free, TAMS=top-at-mark-start, PB=parsable bottom
|   0|0x0000000700000000, 0x0000000700200000, 0x0000000700200000|100%|HS|  |TAMS 0x0000000700000000| PB 0x0000000700000000| Complete |  0
|   1|0x0000000700200000, 0x0000000700400000, 0x0000000700400000|100%|HC|  |TAMS 0x0000000700200000| PB 0x0000000700200000| Complete |  0
|   2|0x0000000700400000, 0x0000000700600000, 0x0000000700600000|100%| O|  |TAMS 0x0000000700400000| PB 0x0000000700400000| Untracked |  0
|   3|0x0000000700600000, 0x0000000700800000, 0x0000000700800000|100%| O|  |TAMS 0x0000000700600000| PB 0x0000000700600000| Untracked |  0
|   4|0x0000000700800000, 0x0000000700a00000, 0x0000000700a00000|100%| O|  |TAMS 0x0000000700800000| PB 0x0000000700800000| Untracked |  0
|   5|0x0000000700a00000, 0x0000000700c00000, 0x0000000700c00000|100%| O|  |TAMS 0x0000000700a00000| PB 0x0000000700a00000| Untracked |  0
|   6|0x0000000700c00000, 0x0000000700e00000, 0x0000000700e00000|100%| O|  |TAMS 0x0000000700c00000| PB 0x0000000700c00000| Untracked |  0
|   7|0x0000000700e00000, 0x0000000701000000, 0x0000000701000000|100%| O|  |TAMS 0x0000000700e00000| PB 0x0000000700e00000| Untracked |  0
|   8|0x0000000701000000, 0x0000000701200000, 0x0000000701200000|100%| O|  |TAMS 0x0000000701000000| PB 0x0000000701000000| Untracked |  0
|   9|0x0000000701200000, 0x0000000701400000, 0x0000000701400000|100%| O|  |TAMS 0x0000000701200000| PB 0x0000000701200000| Untracked |  0
|  10|0x0000000701400000, 0x0000000701600000, 0x0000000701600000|100%| O|  |TAMS 0x0000000701400000| PB 0x0000000701400000| Untracked |  0
|  11|0x0000000701600000, 0x0000000701800000, 0x0000000701800000|100%| O|  |TAMS 0x0000000701600000| PB 0x0000000701600000| Untracked |  0
|  12|0x0000000701800000, 0x0000000701a00000, 0x0000000701a00000|100%| O|  |TAMS 0x0000000701800000| PB 0x0000000701800000| Untracked |  0
|  13|0x0000000701a00000, 0x0000000701c00000, 0x0000000701c00000|100%| O|  |TAMS 0x0000000701a00000| PB 0x0000000701a00000| Untracked |  0
|  14|0x0000000701c00000, 0x0000000701e00000, 0x0000000701e00000|100%| O|  |TAMS 0x0000000701c00000| PB 0x0000000701c00000| Untracked |  0
|  15|0x0000000701e00000, 0x0000000702000000, 0x0000000702000000|100%| O|  |TAMS 0x0000000701e00000| PB 0x0000000701e00000| Untracked |  0
|  16|0x0000000702000000, 0x0000000702200000, 0x0000000702200000|100%| O|  |TAMS 0x0000000702000000| PB 0x0000000702000000| Untracked |  0
|  17|0x0000000702200000, 0x0000000702400000, 0x0000000702400000|100%| O|  |TAMS 0x0000000702200000| PB 0x0000000702200000| Untracked |  0
|  18|0x0000000702400000, 0x0000000702600000, 0x0000000702600000|100%| O|  |TAMS 0x0000000702400000| PB 0x0000000702400000| Untracked |  0
|  19|0x0000000702600000, 0x0000000702800000, 0x0000000702800000|100%| O|  |TAMS 0x0000000702600000| PB 0x0000000702600000| Untracked |  0
|  20|0x0000000702800000, 0x0000000702a00000, 0x0000000702a00000|100%| O|  |TAMS 0x0000000702800000| PB 0x0000000702800000| Untracked |  0
|  21|0x0000000702a00000, 0x0000000702c00000, 0x0000000702c00000|100%| O|  |TAMS 0x0000000702a00000| PB 0x0000000702a00000| Untracked |  0
|  22|0x0000000702c00000, 0x0000000702e00000, 0x0000000702e00000|100%|HS|  |TAMS 0x0000000702c00000| PB 0x0000000702c00000| Complete |  0
|  23|0x0000000702e00000, 0x0000000703000000, 0x0000000703000000|100%|HS|  |TAMS 0x0000000702e00000| PB 0x0000000702e00000| Complete |  0
|  24|0x0000000703000000, 0x0000000703200000, 0x0000000703200000|100%| O|  |TAMS 0x0000000703000000| PB 0x0000000703000000| Untracked |  0
|  25|0x0000000703200000, 0x0000000703400000, 0x0000000703400000|100%| O|  |TAMS 0x0000000703200000| PB 0x0000000703200000| Untracked |  0
|  26|0x0000000703400000, 0x0000000703600000, 0x0000000703600000|100%| O|  |TAMS 0x0000000703400000| PB 0x0000000703400000| Untracked |  0
|  27|0x0000000703600000, 0x0000000703800000, 0x0000000703800000|100%| O|  |TAMS 0x0000000703600000| PB 0x0000000703600000| Untracked |  0
|  28|0x0000000703800000, 0x0000000703a00000, 0x0000000703a00000|100%| O|  |TAMS 0x0000000703800000| PB 0x0000000703800000| Untracked |  0
|  29|0x0000000703a00000, 0x0000000703c00000, 0x0000000703c00000|100%| O|  |TAMS 0x0000000703a00000| PB 0x0000000703a00000| Untracked |  0
|  30|0x0000000703c00000, 0x0000000703e00000, 0x0000000703e00000|100%| O|  |TAMS 0x0000000703c00000| PB 0x0000000703c00000| Untracked |  0
|  31|0x0000000703e00000, 0x0000000704000000, 0x0000000704000000|100%| O|  |TAMS 0x0000000703e00000| PB 0x0000000703e00000| Untracked |  0
|  32|0x0000000704000000, 0x0000000704200000, 0x0000000704200000|100%| O|  |TAMS 0x0000000704000000| PB 0x0000000704000000| Untracked |  0
|  33|0x0000000704200000, 0x0000000704400000, 0x0000000704400000|100%| O|  |TAMS 0x0000000704200000| PB 0x0000000704200000| Untracked |  0
|  34|0x0000000704400000, 0x0000000704600000, 0x0000000704600000|100%| O|  |TAMS 0x0000000704400000| PB 0x0000000704400000| Untracked |  0
|  35|0x0000000704600000, 0x0000000704800000, 0x0000000704800000|100%| O|  |TAMS 0x0000000704600000| PB 0x0000000704600000| Untracked |  0
|  36|0x0000000704800000, 0x0000000704a00000, 0x0000000704a00000|100%| O|  |TAMS 0x0000000704800000| PB 0x0000000704800000| Untracked |  0
|  37|0x0000000704a00000, 0x0000000704c00000, 0x0000000704c00000|100%| O|  |TAMS 0x0000000704a00000| PB 0x0000000704a00000| Untracked |  0
|  38|0x0000000704c00000, 0x0000000704e00000, 0x0000000704e00000|100%| O|  |TAMS 0x0000000704c00000| PB 0x0000000704c00000| Untracked |  0
|  39|0x0000000704e00000, 0x0000000705000000, 0x0000000705000000|100%| O|  |TAMS 0x0000000704e00000| PB 0x0000000704e00000| Untracked |  0
|  40|0x0000000705000000, 0x0000000705200000, 0x0000000705200000|100%| O|  |TAMS 0x0000000705000000| PB 0x0000000705000000| Untracked |  0
|  41|0x0000000705200000, 0x0000000705400000, 0x0000000705400000|100%| O|  |TAMS 0x0000000705200000| PB 0x0000000705200000| Untracked |  0
|  42|0x0000000705400000, 0x0000000705600000, 0x0000000705600000|100%| O|  |TAMS 0x0000000705400000| PB 0x0000000705400000| Untracked |  0
|  43|0x0000000705600000, 0x0000000705800000, 0x0000000705800000|100%| O|  |TAMS 0x0000000705600000| PB 0x0000000705600000| Untracked |  0
|  44|0x0000000705800000, 0x0000000705a00000, 0x0000000705a00000|100%| O|  |TAMS 0x0000000705800000| PB 0x0000000705800000| Untracked |  0
|  45|0x0000000705a00000, 0x0000000705c00000, 0x0000000705c00000|100%| O|  |TAMS 0x0000000705a00000| PB 0x0000000705a00000| Untracked |  0
|  46|0x0000000705c00000, 0x0000000705e00000, 0x0000000705e00000|100%| O|  |TAMS 0x0000000705c00000| PB 0x0000000705c00000| Untracked |  0
|  47|0x0000000705e00000, 0x0000000706000000, 0x0000000706000000|100%| O|Cm|TAMS 0x0000000705e00000| PB 0x0000000705e00000| Complete |  0
|  48|0x0000000706000000, 0x0000000706200000, 0x0000000706200000|100%| O|Cm|TAMS 0x0000000706000000| PB 0x0000000706000000| Complete |  0
|  49|0x0000000706200000, 0x0000000706400000, 0x0000000706400000|100%| O|  |TAMS 0x0000000706200000| PB 0x0000000706200000| Untracked |  0
|  50|0x0000000706400000, 0x0000000706600000, 0x0000000706600000|100%| O|Cm|TAMS 0x0000000706400000| PB 0x0000000706400000| Complete |  0
|  51|0x0000000706600000, 0x0000000706800000, 0x0000000706800000|100%| O|  |TAMS 0x0000000706600000| PB 0x0000000706600000| Untracked |  0
|  52|0x0000000706800000, 0x0000000706a00000, 0x0000000706a00000|100%| O|  |TAMS 0x0000000706800000| PB 0x0000000706800000| Untracked |  0
|  53|0x0000000706a00000, 0x0000000706c00000, 0x0000000706c00000|100%| O|Cm|TAMS 0x0000000706a00000| PB 0x0000000706a00000| Complete |  0
|  54|0x0000000706c00000, 0x0000000706e00000, 0x0000000706e00000|100%| O|Cm|TAMS 0x0000000706c00000| PB 0x0000000706c00000| Complete |  0
|  55|0x0000000706e00000, 0x0000000707000000, 0x0000000707000000|100%| O|Cm|TAMS 0x0000000706e00000| PB 0x0000000706e00000| Complete |  0
|  56|0x0000000707000000, 0x0000000707200000, 0x0000000707200000|100%| O|Cm|TAMS 0x0000000707000000| PB 0x0000000707000000| Complete |  0
|  57|0x0000000707200000, 0x0000000707400000, 0x0000000707400000|100%| O|  |TAMS 0x0000000707200000| PB 0x0000000707200000| Untracked |  0
|  58|0x0000000707400000, 0x0000000707600000, 0x0000000707600000|100%| O|Cm|TAMS 0x0000000707400000| PB 0x0000000707400000| Complete |  0
|  59|0x0000000707600000, 0x0000000707800000, 0x0000000707800000|100%| O|  |TAMS 0x0000000707600000| PB 0x0000000707600000| Untracked |  0
|  60|0x0000000707800000, 0x0000000707a00000, 0x0000000707a00000|100%| O|  |TAMS 0x0000000707800000| PB 0x0000000707800000| Untracked |  0
|  61|0x0000000707a00000, 0x0000000707c00000, 0x0000000707c00000|100%| O|  |TAMS 0x0000000707a00000| PB 0x0000000707a00000| Untracked |  0
|  62|0x0000000707c00000, 0x0000000707e00000, 0x0000000707e00000|100%| O|Cm|TAMS 0x0000000707c00000| PB 0x0000000707c00000| Complete |  0
|  63|0x0000000707e00000, 0x0000000708000000, 0x0000000708000000|100%| O|Cm|TAMS 0x0000000707e00000| PB 0x0000000707e00000| Complete |  0
|  64|0x0000000708000000, 0x0000000708200000, 0x0000000708200000|100%| O|Cm|TAMS 0x0000000708000000| PB 0x0000000708000000| Complete |  0
|  65|0x0000000708200000, 0x0000000708400000, 0x0000000708400000|100%| O|  |TAMS 0x0000000708200000| PB 0x0000000708200000| Untracked |  0
|  66|0x0000000708400000, 0x0000000708600000, 0x0000000708600000|100%| O|  |TAMS 0x0000000708400000| PB 0x0000000708400000| Untracked |  0
|  67|0x0000000708600000, 0x0000000708800000, 0x0000000708800000|100%| O|Cm|TAMS 0x0000000708600000| PB 0x0000000708600000| Complete |  0
|  68|0x0000000708800000, 0x0000000708a00000, 0x0000000708a00000|100%| O|  |TAMS 0x0000000708800000| PB 0x0000000708800000| Untracked |  0
|  69|0x0000000708a00000, 0x0000000708c00000, 0x0000000708c00000|100%| O|  |TAMS 0x0000000708a00000| PB 0x0000000708a00000| Untracked |  0
|  70|0x0000000708c00000, 0x0000000708e00000, 0x0000000708e00000|100%| O|  |TAMS 0x0000000708c00000| PB 0x0000000708c00000| Untracked |  0
|  71|0x0000000708e00000, 0x0000000709000000, 0x0000000709000000|100%| O|  |TAMS 0x0000000708e00000| PB 0x0000000708e00000| Untracked |  0
|  72|0x0000000709000000, 0x0000000709200000, 0x0000000709200000|100%| O|  |TAMS 0x0000000709000000| PB 0x0000000709000000| Untracked |  0
|  73|0x0000000709200000, 0x0000000709400000, 0x0000000709400000|100%| O|Cm|TAMS 0x0000000709200000| PB 0x0000000709200000| Complete |  0
|  74|0x0000000709400000, 0x0000000709600000, 0x0000000709600000|100%| O|Cm|TAMS 0x0000000709400000| PB 0x0000000709400000| Complete |  0
|  75|0x0000000709600000, 0x0000000709600000, 0x0000000709800000|  0%| F|  |TAMS 0x0000000709600000| PB 0x0000000709600000| Untracked |  0
|  76|0x0000000709800000, 0x0000000709800000, 0x0000000709a00000|  0%| F|  |TAMS 0x0000000709800000| PB 0x0000000709800000| Untracked |  0
|  77|0x0000000709a00000, 0x0000000709c00000, 0x0000000709c00000|100%| O|Cm|TAMS 0x0000000709a00000| PB 0x0000000709a00000| Complete |  0
|  78|0x0000000709c00000, 0x0000000709e00000, 0x0000000709e00000|100%| O|Cm|TAMS 0x0000000709c00000| PB 0x0000000709c00000| Complete |  0
|  79|0x0000000709e00000, 0x000000070a000000, 0x000000070a000000|100%| O|  |TAMS 0x0000000709e00000| PB 0x0000000709e00000| Untracked |  0
|  80|0x000000070a000000, 0x000000070a000000, 0x000000070a200000|  0%| F|  |TAMS 0x000000070a000000| PB 0x000000070a000000| Untracked |  0
|  81|0x000000070a200000, 0x000000070a400000, 0x000000070a400000|100%| O|  |TAMS 0x000000070a200000| PB 0x000000070a200000| Untracked |  0
|  82|0x000000070a400000, 0x000000070a600000, 0x000000070a600000|100%| O|  |TAMS 0x000000070a400000| PB 0x000000070a400000| Untracked |  0
|  83|0x000000070a600000, 0x000000070a600000, 0x000000070a800000|  0%| F|  |TAMS 0x000000070a600000| PB 0x000000070a600000| Untracked |  0
|  84|0x000000070a800000, 0x000000070aa00000, 0x000000070aa00000|100%| O|Cm|TAMS 0x000000070a800000| PB 0x000000070a800000| Complete |  0
|  85|0x000000070aa00000, 0x000000070ac00000, 0x000000070ac00000|100%| O|Cm|TAMS 0x000000070aa00000| PB 0x000000070aa00000| Complete |  0
|  86|0x000000070ac00000, 0x000000070ae00000, 0x000000070ae00000|100%| O|Cm|TAMS 0x000000070ac00000| PB 0x000000070ac00000| Complete |  0
|  87|0x000000070ae00000, 0x000000070b000000, 0x000000070b000000|100%| O|  |TAMS 0x000000070ae00000| PB 0x000000070ae00000| Untracked |  0
|  88|0x000000070b000000, 0x000000070b200000, 0x000000070b200000|100%| O|  |TAMS 0x000000070b000000| PB 0x000000070b000000| Untracked |  0
|  89|0x000000070b200000, 0x000000070b400000, 0x000000070b400000|100%| O|Cm|TAMS 0x000000070b200000| PB 0x000000070b200000| Complete |  0
|  90|0x000000070b400000, 0x000000070b600000, 0x000000070b600000|100%| O|Cm|TAMS 0x000000070b400000| PB 0x000000070b400000| Complete |  0
|  91|0x000000070b600000, 0x000000070b600000, 0x000000070b800000|  0%| F|  |TAMS 0x000000070b600000| PB 0x000000070b600000| Untracked |  0
|  92|0x000000070b800000, 0x000000070b800000, 0x000000070ba00000|  0%| F|  |TAMS 0x000000070b800000| PB 0x000000070b800000| Untracked |  0
|  93|0x000000070ba00000, 0x000000070bc00000, 0x000000070bc00000|100%| O|Cm|TAMS 0x000000070ba00000| PB 0x000000070ba00000| Complete |  0
|  94|0x000000070bc00000, 0x000000070be00000, 0x000000070be00000|100%| O|Cm|TAMS 0x000000070bc00000| PB 0x000000070bc00000| Complete |  0
|  95|0x000000070be00000, 0x000000070be00000, 0x000000070c000000|  0%| F|  |TAMS 0x000000070be00000| PB 0x000000070be00000| Untracked |  0
|  96|0x000000070c000000, 0x000000070c200000, 0x000000070c200000|100%| O|Cm|TAMS 0x000000070c000000| PB 0x000000070c000000| Complete |  0
|  97|0x000000070c200000, 0x000000070c400000, 0x000000070c400000|100%| O|Cm|TAMS 0x000000070c200000| PB 0x000000070c200000| Complete |  0
|  98|0x000000070c400000, 0x000000070c400000, 0x000000070c600000|  0%| F|  |TAMS 0x000000070c400000| PB 0x000000070c400000| Untracked |  0
|  99|0x000000070c600000, 0x000000070c600000, 0x000000070c800000|  0%| F|  |TAMS 0x000000070c600000| PB 0x000000070c600000| Untracked |  0
| 100|0x000000070c800000, 0x000000070c800000, 0x000000070ca00000|  0%| F|  |TAMS 0x000000070c800000| PB 0x000000070c800000| Untracked |  0
| 101|0x000000070ca00000, 0x000000070ca00000, 0x000000070cc00000|  0%| F|  |TAMS 0x000000070ca00000| PB 0x000000070ca00000| Untracked |  0
| 102|0x000000070cc00000, 0x000000070cc00000, 0x000000070ce00000|  0%| F|  |TAMS 0x000000070cc00000| PB 0x000000070cc00000| Untracked |  0
| 103|0x000000070ce00000, 0x000000070d000000, 0x000000070d000000|100%| O|Cm|TAMS 0x000000070ce00000| PB 0x000000070ce00000| Complete |  0
| 104|0x000000070d000000, 0x000000070d200000, 0x000000070d200000|100%| O|Cm|TAMS 0x000000070d000000| PB 0x000000070d000000| Complete |  0
| 105|0x000000070d200000, 0x000000070d200000, 0x000000070d400000|  0%| F|  |TAMS 0x000000070d200000| PB 0x000000070d200000| Untracked |  0
| 106|0x000000070d400000, 0x000000070d400000, 0x000000070d600000|  0%| F|  |TAMS 0x000000070d400000| PB 0x000000070d400000| Untracked |  0
| 107|0x000000070d600000, 0x000000070d600000, 0x000000070d800000|  0%| F|  |TAMS 0x000000070d600000| PB 0x000000070d600000| Untracked |  0
| 108|0x000000070d800000, 0x000000070d800000, 0x000000070da00000|  0%| F|  |TAMS 0x000000070d800000| PB 0x000000070d800000| Untracked |  0
| 109|0x000000070da00000, 0x000000070da00000, 0x000000070dc00000|  0%| F|  |TAMS 0x000000070da00000| PB 0x000000070da00000| Untracked |  0
| 110|0x000000070dc00000, 0x000000070dc00000, 0x000000070de00000|  0%| F|  |TAMS 0x000000070dc00000| PB 0x000000070dc00000| Untracked |  0
| 111|0x000000070de00000, 0x000000070de00000, 0x000000070e000000|  0%| F|  |TAMS 0x000000070de00000| PB 0x000000070de00000| Untracked |  0
| 112|0x000000070e000000, 0x000000070e000000, 0x000000070e200000|  0%| F|  |TAMS 0x000000070e000000| PB 0x000000070e000000| Untracked |  0
| 113|0x000000070e200000, 0x000000070e200000, 0x000000070e400000|  0%| F|  |TAMS 0x000000070e200000| PB 0x000000070e200000| Untracked |  0
| 114|0x000000070e400000, 0x000000070e400000, 0x000000070e600000|  0%| F|  |TAMS 0x000000070e400000| PB 0x000000070e400000| Untracked |  0
| 115|0x000000070e600000, 0x000000070e600000, 0x000000070e800000|  0%| F|  |TAMS 0x000000070e600000| PB 0x000000070e600000| Untracked |  0
| 116|0x000000070e800000, 0x000000070e800000, 0x000000070ea00000|  0%| F|  |TAMS 0x000000070e800000| PB 0x000000070e800000| Untracked |  0
| 117|0x000000070ea00000, 0x000000070ea00000, 0x000000070ec00000|  0%| F|  |TAMS 0x000000070ea00000| PB 0x000000070ea00000| Untracked |  0
| 118|0x000000070ec00000, 0x000000070ee00000, 0x000000070ee00000|100%| O|Cm|TAMS 0x000000070ec00000| PB 0x000000070ec00000| Complete |  0
| 119|0x000000070ee00000, 0x000000070ee00000, 0x000000070f000000|  0%| F|  |TAMS 0x000000070ee00000| PB 0x000000070ee00000| Untracked |  0
| 120|0x000000070f000000, 0x000000070f000000, 0x000000070f200000|  0%| F|  |TAMS 0x000000070f000000| PB 0x000000070f000000| Untracked |  0
| 121|0x000000070f200000, 0x000000070f200000, 0x000000070f400000|  0%| F|  |TAMS 0x000000070f200000| PB 0x000000070f200000| Untracked |  0
| 122|0x000000070f400000, 0x000000070f600000, 0x000000070f600000|100%| O|Cm|TAMS 0x000000070f400000| PB 0x000000070f400000| Complete |  0
| 123|0x000000070f600000, 0x000000070f800000, 0x000000070f800000|100%| O|Cm|TAMS 0x000000070f600000| PB 0x000000070f600000| Complete |  0
| 124|0x000000070f800000, 0x000000070fa00000, 0x000000070fa00000|100%| O|Cm|TAMS 0x000000070f800000| PB 0x000000070f800000| Complete |  0
| 125|0x000000070fa00000, 0x000000070fa00000, 0x000000070fc00000|  0%| F|  |TAMS 0x000000070fa00000| PB 0x000000070fa00000| Untracked |  0
| 126|0x000000070fc00000, 0x000000070fe00000, 0x000000070fe00000|100%| O|Cm|TAMS 0x000000070fc00000| PB 0x000000070fc00000| Complete |  0
| 127|0x000000070fe00000, 0x000000070fe00000, 0x0000000710000000|  0%| F|  |TAMS 0x000000070fe00000| PB 0x000000070fe00000| Untracked |  0
| 128|0x0000000710000000, 0x0000000710200000, 0x0000000710200000|100%| O|Cm|TAMS 0x0000000710000000| PB 0x0000000710000000| Complete |  0
| 129|0x0000000710200000, 0x0000000710400000, 0x0000000710400000|100%| O|Cm|TAMS 0x0000000710200000| PB 0x0000000710200000| Complete |  0
| 130|0x0000000710400000, 0x0000000710600000, 0x0000000710600000|100%| O|Cm|TAMS 0x0000000710400000| PB 0x0000000710400000| Complete |  0
| 131|0x0000000710600000, 0x0000000710800000, 0x0000000710800000|100%| O|  |TAMS 0x0000000710600000| PB 0x0000000710600000| Untracked |  0
| 132|0x0000000710800000, 0x0000000710a00000, 0x0000000710a00000|100%| O|  |TAMS 0x0000000710800000| PB 0x0000000710800000| Untracked |  0
| 133|0x0000000710a00000, 0x0000000710c00000, 0x0000000710c00000|100%| O|  |TAMS 0x0000000710a00000| PB 0x0000000710a00000| Untracked |  0
| 134|0x0000000710c00000, 0x0000000710e00000, 0x0000000710e00000|100%| O|  |TAMS 0x0000000710c00000| PB 0x0000000710c00000| Untracked |  0
| 135|0x0000000710e00000, 0x0000000711000000, 0x0000000711000000|100%| O|  |TAMS 0x0000000710e00000| PB 0x0000000710e00000| Untracked |  0
| 136|0x0000000711000000, 0x0000000711200000, 0x0000000711200000|100%| O|Cm|TAMS 0x0000000711000000| PB 0x0000000711000000| Complete |  0
| 137|0x0000000711200000, 0x0000000711400000, 0x0000000711400000|100%| O|Cm|TAMS 0x0000000711200000| PB 0x0000000711200000| Complete |  0
| 138|0x0000000711400000, 0x0000000711600000, 0x0000000711600000|100%| O|Cm|TAMS 0x0000000711400000| PB 0x0000000711400000| Complete |  0
| 139|0x0000000711600000, 0x0000000711800000, 0x0000000711800000|100%| O|Cm|TAMS 0x0000000711600000| PB 0x0000000711600000| Complete |  0
| 140|0x0000000711800000, 0x0000000711a00000, 0x0000000711a00000|100%| O|  |TAMS 0x0000000711800000| PB 0x0000000711800000| Untracked |  0
| 141|0x0000000711a00000, 0x0000000711a00000, 0x0000000711c00000|  0%| F|  |TAMS 0x0000000711a00000| PB 0x0000000711a00000| Untracked |  0
| 142|0x0000000711c00000, 0x0000000711c00000, 0x0000000711e00000|  0%| F|  |TAMS 0x0000000711c00000| PB 0x0000000711c00000| Untracked |  0
| 143|0x0000000711e00000, 0x0000000711e00000, 0x0000000712000000|  0%| F|  |TAMS 0x0000000711e00000| PB 0x0000000711e00000| Untracked |  0
| 144|0x0000000712000000, 0x0000000712000000, 0x0000000712200000|  0%| F|  |TAMS 0x0000000712000000| PB 0x0000000712000000| Untracked |  0
| 145|0x0000000712200000, 0x0000000712200000, 0x0000000712400000|  0%| F|  |TAMS 0x0000000712200000| PB 0x0000000712200000| Untracked |  0
| 146|0x0000000712400000, 0x0000000712400000, 0x0000000712600000|  0%| F|  |TAMS 0x0000000712400000| PB 0x0000000712400000| Untracked |  0
| 147|0x0000000712600000, 0x0000000712600000, 0x0000000712800000|  0%| F|  |TAMS 0x0000000712600000| PB 0x0000000712600000| Untracked |  0
| 148|0x0000000712800000, 0x0000000712800000, 0x0000000712a00000|  0%| F|  |TAMS 0x0000000712800000| PB 0x0000000712800000| Untracked |  0
| 149|0x0000000712a00000, 0x0000000712c00000, 0x0000000712c00000|100%| O|Cm|TAMS 0x0000000712a00000| PB 0x0000000712a00000| Complete |  0
| 150|0x0000000712c00000, 0x0000000712e00000, 0x0000000712e00000|100%| O|Cm|TAMS 0x0000000712c00000| PB 0x0000000712c00000| Complete |  0
| 151|0x0000000712e00000, 0x0000000713000000, 0x0000000713000000|100%| O|  |TAMS 0x0000000712e00000| PB 0x0000000712e00000| Untracked |  0
| 152|0x0000000713000000, 0x0000000713200000, 0x0000000713200000|100%| O|  |TAMS 0x0000000713000000| PB 0x0000000713000000| Untracked |  0
| 153|0x0000000713200000, 0x0000000713400000, 0x0000000713400000|100%| O|  |TAMS 0x0000000713200000| PB 0x0000000713200000| Untracked |  0
| 154|0x0000000713400000, 0x0000000713600000, 0x0000000713600000|100%| O|  |TAMS 0x0000000713400000| PB 0x0000000713400000| Untracked |  0
| 155|0x0000000713600000, 0x0000000713800000, 0x0000000713800000|100%| O|  |TAMS 0x0000000713600000| PB 0x0000000713600000| Untracked |  0
| 156|0x0000000713800000, 0x0000000713a00000, 0x0000000713a00000|100%| O|  |TAMS 0x0000000713800000| PB 0x0000000713800000| Untracked |  0
| 157|0x0000000713a00000, 0x0000000713a00000, 0x0000000713c00000|  0%| F|  |TAMS 0x0000000713a00000| PB 0x0000000713a00000| Untracked |  0
| 158|0x0000000713c00000, 0x0000000713c00000, 0x0000000713e00000|  0%| F|  |TAMS 0x0000000713c00000| PB 0x0000000713c00000| Untracked |  0
| 159|0x0000000713e00000, 0x0000000713e00000, 0x0000000714000000|  0%| F|  |TAMS 0x0000000713e00000| PB 0x0000000713e00000| Untracked |  0
| 160|0x0000000714000000, 0x0000000714200000, 0x0000000714200000|100%| O|  |TAMS 0x0000000714000000| PB 0x0000000714000000| Untracked |  0
| 161|0x0000000714200000, 0x0000000714400000, 0x0000000714400000|100%| O|  |TAMS 0x0000000714200000| PB 0x0000000714200000| Untracked |  0
| 162|0x0000000714400000, 0x0000000714400000, 0x0000000714600000|  0%| F|  |TAMS 0x0000000714400000| PB 0x0000000714400000| Untracked |  0
| 163|0x0000000714600000, 0x0000000714600000, 0x0000000714800000|  0%| F|  |TAMS 0x0000000714600000| PB 0x0000000714600000| Untracked |  0
| 164|0x0000000714800000, 0x0000000714800000, 0x0000000714a00000|  0%| F|  |TAMS 0x0000000714800000| PB 0x0000000714800000| Untracked |  0
| 165|0x0000000714a00000, 0x0000000714a00000, 0x0000000714c00000|  0%| F|  |TAMS 0x0000000714a00000| PB 0x0000000714a00000| Untracked |  0
| 166|0x0000000714c00000, 0x0000000714c00000, 0x0000000714e00000|  0%| F|  |TAMS 0x0000000714c00000| PB 0x0000000714c00000| Untracked |  0
| 167|0x0000000714e00000, 0x0000000714e00000, 0x0000000715000000|  0%| F|  |TAMS 0x0000000714e00000| PB 0x0000000714e00000| Untracked |  0
| 168|0x0000000715000000, 0x0000000715000000, 0x0000000715200000|  0%| F|  |TAMS 0x0000000715000000| PB 0x0000000715000000| Untracked |  0
| 169|0x0000000715200000, 0x0000000715200000, 0x0000000715400000|  0%| F|  |TAMS 0x0000000715200000| PB 0x0000000715200000| Untracked |  0
| 170|0x0000000715400000, 0x0000000715600000, 0x0000000715600000|100%| O|  |TAMS 0x0000000715400000| PB 0x0000000715400000| Untracked |  0
| 171|0x0000000715600000, 0x0000000715800000, 0x0000000715800000|100%| O|  |TAMS 0x0000000715600000| PB 0x0000000715600000| Untracked |  0
| 172|0x0000000715800000, 0x0000000715a00000, 0x0000000715a00000|100%| O|  |TAMS 0x0000000715800000| PB 0x0000000715800000| Untracked |  0
| 173|0x0000000715a00000, 0x0000000715c00000, 0x0000000715c00000|100%| O|  |TAMS 0x0000000715a00000| PB 0x0000000715a00000| Untracked |  0
| 174|0x0000000715c00000, 0x0000000715e00000, 0x0000000715e00000|100%| O|  |TAMS 0x0000000715c00000| PB 0x0000000715c00000| Untracked |  0
| 175|0x0000000715e00000, 0x0000000716000000, 0x0000000716000000|100%| O|  |TAMS 0x0000000715e00000| PB 0x0000000715e00000| Untracked |  0
| 176|0x0000000716000000, 0x0000000716200000, 0x0000000716200000|100%| O|  |TAMS 0x0000000716000000| PB 0x0000000716000000| Untracked |  0
| 177|0x0000000716200000, 0x0000000716400000, 0x0000000716400000|100%| O|  |TAMS 0x0000000716200000| PB 0x0000000716200000| Untracked |  0
| 178|0x0000000716400000, 0x0000000716600000, 0x0000000716600000|100%| O|  |TAMS 0x0000000716400000| PB 0x0000000716400000| Untracked |  0
| 179|0x0000000716600000, 0x0000000716600000, 0x0000000716800000|  0%| F|  |TAMS 0x0000000716600000| PB 0x0000000716600000| Untracked |  0
| 180|0x0000000716800000, 0x0000000716800000, 0x0000000716a00000|  0%| F|  |TAMS 0x0000000716800000| PB 0x0000000716800000| Untracked |  0
| 181|0x0000000716a00000, 0x0000000716a00000, 0x0000000716c00000|  0%| F|  |TAMS 0x0000000716a00000| PB 0x0000000716a00000| Untracked |  0
| 182|0x0000000716c00000, 0x0000000716e00000, 0x0000000716e00000|100%| O|Cm|TAMS 0x0000000716c00000| PB 0x0000000716c00000| Complete |  0
| 183|0x0000000716e00000, 0x0000000716e00000, 0x0000000717000000|  0%| F|  |TAMS 0x0000000716e00000| PB 0x0000000716e00000| Untracked |  0
| 184|0x0000000717000000, 0x0000000717000000, 0x0000000717200000|  0%| F|  |TAMS 0x0000000717000000| PB 0x0000000717000000| Untracked |  0
| 185|0x0000000717200000, 0x0000000717200000, 0x0000000717400000|  0%| F|  |TAMS 0x0000000717200000| PB 0x0000000717200000| Untracked |  0
| 186|0x0000000717400000, 0x0000000717400000, 0x0000000717600000|  0%| F|  |TAMS 0x0000000717400000| PB 0x0000000717400000| Untracked |  0
| 187|0x0000000717600000, 0x0000000717600000, 0x0000000717800000|  0%| F|  |TAMS 0x0000000717600000| PB 0x0000000717600000| Untracked |  0
| 188|0x0000000717800000, 0x0000000717a00000, 0x0000000717a00000|100%| O|Cm|TAMS 0x0000000717800000| PB 0x0000000717800000| Complete |  0
| 189|0x0000000717a00000, 0x0000000717a00000, 0x0000000717c00000|  0%| F|  |TAMS 0x0000000717a00000| PB 0x0000000717a00000| Untracked |  0
| 190|0x0000000717c00000, 0x0000000717e00000, 0x0000000717e00000|100%| O|Cm|TAMS 0x0000000717c00000| PB 0x0000000717c00000| Complete |  0
| 191|0x0000000717e00000, 0x0000000717e00000, 0x0000000718000000|  0%| F|  |TAMS 0x0000000717e00000| PB 0x0000000717e00000| Untracked |  0
| 192|0x0000000718000000, 0x0000000718000000, 0x0000000718200000|  0%| F|  |TAMS 0x0000000718000000| PB 0x0000000718000000| Untracked |  0
| 193|0x0000000718200000, 0x0000000718200000, 0x0000000718400000|  0%| F|  |TAMS 0x0000000718200000| PB 0x0000000718200000| Untracked |  0
| 194|0x0000000718400000, 0x0000000718400000, 0x0000000718600000|  0%| F|  |TAMS 0x0000000718400000| PB 0x0000000718400000| Untracked |  0
| 195|0x0000000718600000, 0x0000000718600000, 0x0000000718800000|  0%| F|  |TAMS 0x0000000718600000| PB 0x0000000718600000| Untracked |  0
| 196|0x0000000718800000, 0x0000000718800000, 0x0000000718a00000|  0%| F|  |TAMS 0x0000000718800000| PB 0x0000000718800000| Untracked |  0
| 197|0x0000000718a00000, 0x0000000718a00000, 0x0000000718c00000|  0%| F|  |TAMS 0x0000000718a00000| PB 0x0000000718a00000| Untracked |  0
| 198|0x0000000718c00000, 0x0000000718c00000, 0x0000000718e00000|  0%| F|  |TAMS 0x0000000718c00000| PB 0x0000000718c00000| Untracked |  0
| 199|0x0000000718e00000, 0x0000000718e00000, 0x0000000719000000|  0%| F|  |TAMS 0x0000000718e00000| PB 0x0000000718e00000| Untracked |  0
| 200|0x0000000719000000, 0x0000000719000000, 0x0000000719200000|  0%| F|  |TAMS 0x0000000719000000| PB 0x0000000719000000| Untracked |  0
| 201|0x0000000719200000, 0x0000000719200000, 0x0000000719400000|  0%| F|  |TAMS 0x0000000719200000| PB 0x0000000719200000| Untracked |  0
| 202|0x0000000719400000, 0x00000007195ff438, 0x0000000719600000| 99%| S|CS|TAMS 0x0000000719400000| PB 0x0000000719400000| Complete |  0
| 203|0x0000000719600000, 0x0000000719600000, 0x0000000719800000|  0%| F|  |TAMS 0x0000000719600000| PB 0x0000000719600000| Untracked |  0
| 204|0x0000000719800000, 0x0000000719800000, 0x0000000719a00000|  0%| F|  |TAMS 0x0000000719800000| PB 0x0000000719800000| Untracked |  0
| 205|0x0000000719a00000, 0x0000000719a00000, 0x0000000719c00000|  0%| F|  |TAMS 0x0000000719a00000| PB 0x0000000719a00000| Untracked |  0
| 206|0x0000000719c00000, 0x0000000719c00000, 0x0000000719e00000|  0%| F|  |TAMS 0x0000000719c00000| PB 0x0000000719c00000| Untracked |  0
| 207|0x0000000719e00000, 0x0000000719e00000, 0x000000071a000000|  0%| F|  |TAMS 0x0000000719e00000| PB 0x0000000719e00000| Untracked |  0
| 208|0x000000071a000000, 0x000000071a000000, 0x000000071a200000|  0%| F|  |TAMS 0x000000071a000000| PB 0x000000071a000000| Untracked |  0
| 209|0x000000071a200000, 0x000000071a200000, 0x000000071a400000|  0%| F|  |TAMS 0x000000071a200000| PB 0x000000071a200000| Untracked |  0
| 210|0x000000071a400000, 0x000000071a400000, 0x000000071a600000|  0%| F|  |TAMS 0x000000071a400000| PB 0x000000071a400000| Untracked |  0
| 211|0x000000071a600000, 0x000000071a600000, 0x000000071a800000|  0%| F|  |TAMS 0x000000071a600000| PB 0x000000071a600000| Untracked |  0
| 212|0x000000071a800000, 0x000000071a800000, 0x000000071aa00000|  0%| F|  |TAMS 0x000000071a800000| PB 0x000000071a800000| Untracked |  0
| 213|0x000000071aa00000, 0x000000071aa00000, 0x000000071ac00000|  0%| F|  |TAMS 0x000000071aa00000| PB 0x000000071aa00000| Untracked |  0
| 214|0x000000071ac00000, 0x000000071ac00000, 0x000000071ae00000|  0%| F|  |TAMS 0x000000071ac00000| PB 0x000000071ac00000| Untracked |  0
| 215|0x000000071ae00000, 0x000000071ae00000, 0x000000071b000000|  0%| F|  |TAMS 0x000000071ae00000| PB 0x000000071ae00000| Untracked |  0
| 216|0x000000071b000000, 0x000000071b000000, 0x000000071b200000|  0%| F|  |TAMS 0x000000071b000000| PB 0x000000071b000000| Untracked |  0
| 217|0x000000071b200000, 0x000000071b400000, 0x000000071b400000|100%| S|CS|TAMS 0x000000071b200000| PB 0x000000071b200000| Complete |  0
| 218|0x000000071b400000, 0x000000071b600000, 0x000000071b600000|100%| S|CS|TAMS 0x000000071b400000| PB 0x000000071b400000| Complete |  0
| 219|0x000000071b600000, 0x000000071b800000, 0x000000071b800000|100%| S|CS|TAMS 0x000000071b600000| PB 0x000000071b600000| Complete |  0
| 220|0x000000071b800000, 0x000000071ba00000, 0x000000071ba00000|100%| S|CS|TAMS 0x000000071b800000| PB 0x000000071b800000| Complete |  0
| 221|0x000000071ba00000, 0x000000071bc00000, 0x000000071bc00000|100%| S|CS|TAMS 0x000000071ba00000| PB 0x000000071ba00000| Complete |  0
| 222|0x000000071bc00000, 0x000000071be00000, 0x000000071be00000|100%| S|CS|TAMS 0x000000071bc00000| PB 0x000000071bc00000| Complete |  0
| 223|0x000000071be00000, 0x000000071c000000, 0x000000071c000000|100%| S|CS|TAMS 0x000000071be00000| PB 0x000000071be00000| Complete |  0
| 224|0x000000071c000000, 0x000000071c200000, 0x000000071c200000|100%| S|CS|TAMS 0x000000071c000000| PB 0x000000071c000000| Complete |  0
| 225|0x000000071c200000, 0x000000071c400000, 0x000000071c400000|100%| S|CS|TAMS 0x000000071c200000| PB 0x000000071c200000| Complete |  0
| 226|0x000000071c400000, 0x000000071c600000, 0x000000071c600000|100%| S|CS|TAMS 0x000000071c400000| PB 0x000000071c400000| Complete |  0
| 227|0x000000071c600000, 0x000000071c800000, 0x000000071c800000|100%| S|CS|TAMS 0x000000071c600000| PB 0x000000071c600000| Complete |  0
| 228|0x000000071c800000, 0x000000071ca00000, 0x000000071ca00000|100%| S|CS|TAMS 0x000000071c800000| PB 0x000000071c800000| Complete |  0
| 229|0x000000071ca00000, 0x000000071cc00000, 0x000000071cc00000|100%| S|CS|TAMS 0x000000071ca00000| PB 0x000000071ca00000| Complete |  0
| 230|0x000000071cc00000, 0x000000071ce00000, 0x000000071ce00000|100%| S|CS|TAMS 0x000000071cc00000| PB 0x000000071cc00000| Complete |  0
| 231|0x000000071ce00000, 0x000000071d000000, 0x000000071d000000|100%| S|CS|TAMS 0x000000071ce00000| PB 0x000000071ce00000| Complete |  0
| 232|0x000000071d000000, 0x000000071d200000, 0x000000071d200000|100%| S|CS|TAMS 0x000000071d000000| PB 0x000000071d000000| Complete |  0
| 233|0x000000071d200000, 0x000000071d400000, 0x000000071d400000|100%| S|CS|TAMS 0x000000071d200000| PB 0x000000071d200000| Complete |  0
| 234|0x000000071d400000, 0x000000071d400000, 0x000000071d600000|  0%| F|  |TAMS 0x000000071d400000| PB 0x000000071d400000| Untracked |  0
| 235|0x000000071d600000, 0x000000071d600000, 0x000000071d800000|  0%| F|  |TAMS 0x000000071d600000| PB 0x000000071d600000| Untracked |  0
| 236|0x000000071d800000, 0x000000071d800000, 0x000000071da00000|  0%| F|  |TAMS 0x000000071d800000| PB 0x000000071d800000| Untracked |  0
| 237|0x000000071da00000, 0x000000071da00000, 0x000000071dc00000|  0%| F|  |TAMS 0x000000071da00000| PB 0x000000071da00000| Untracked |  0
| 238|0x000000071dc00000, 0x000000071dc00000, 0x000000071de00000|  0%| F|  |TAMS 0x000000071dc00000| PB 0x000000071dc00000| Untracked |  0
| 239|0x000000071de00000, 0x000000071de00000, 0x000000071e000000|  0%| F|  |TAMS 0x000000071de00000| PB 0x000000071de00000| Untracked |  0
| 240|0x000000071e000000, 0x000000071e000000, 0x000000071e200000|  0%| F|  |TAMS 0x000000071e000000| PB 0x000000071e000000| Untracked |  0
| 241|0x000000071e200000, 0x000000071e200000, 0x000000071e400000|  0%| F|  |TAMS 0x000000071e200000| PB 0x000000071e200000| Untracked |  0
| 242|0x000000071e400000, 0x000000071e400000, 0x000000071e600000|  0%| F|  |TAMS 0x000000071e400000| PB 0x000000071e400000| Untracked |  0
| 243|0x000000071e600000, 0x000000071e600000, 0x000000071e800000|  0%| F|  |TAMS 0x000000071e600000| PB 0x000000071e600000| Untracked |  0
| 244|0x000000071e800000, 0x000000071e800000, 0x000000071ea00000|  0%| F|  |TAMS 0x000000071e800000| PB 0x000000071e800000| Untracked |  0
| 245|0x000000071ea00000, 0x000000071ea00000, 0x000000071ec00000|  0%| F|  |TAMS 0x000000071ea00000| PB 0x000000071ea00000| Untracked |  0
| 246|0x000000071ec00000, 0x000000071ec00000, 0x000000071ee00000|  0%| F|  |TAMS 0x000000071ec00000| PB 0x000000071ec00000| Untracked |  0
| 247|0x000000071ee00000, 0x000000071ee00000, 0x000000071f000000|  0%| F|  |TAMS 0x000000071ee00000| PB 0x000000071ee00000| Untracked |  0
| 248|0x000000071f000000, 0x000000071f000000, 0x000000071f200000|  0%| F|  |TAMS 0x000000071f000000| PB 0x000000071f000000| Untracked |  0
| 249|0x000000071f200000, 0x000000071f200000, 0x000000071f400000|  0%| F|  |TAMS 0x000000071f200000| PB 0x000000071f200000| Untracked |  0
| 250|0x000000071f400000, 0x000000071f400000, 0x000000071f600000|  0%| F|  |TAMS 0x000000071f400000| PB 0x000000071f400000| Untracked |  0
| 251|0x000000071f600000, 0x000000071f600000, 0x000000071f800000|  0%| F|  |TAMS 0x000000071f600000| PB 0x000000071f600000| Untracked |  0
| 252|0x000000071f800000, 0x000000071f800000, 0x000000071fa00000|  0%| F|  |TAMS 0x000000071f800000| PB 0x000000071f800000| Untracked |  0
| 253|0x000000071fa00000, 0x000000071fa00000, 0x000000071fc00000|  0%| F|  |TAMS 0x000000071fa00000| PB 0x000000071fa00000| Untracked |  0
| 254|0x000000071fc00000, 0x000000071fc00000, 0x000000071fe00000|  0%| F|  |TAMS 0x000000071fc00000| PB 0x000000071fc00000| Untracked |  0
| 255|0x000000071fe00000, 0x000000071fe00000, 0x0000000720000000|  0%| F|  |TAMS 0x000000071fe00000| PB 0x000000071fe00000| Untracked |  0
| 256|0x0000000720000000, 0x0000000720000000, 0x0000000720200000|  0%| F|  |TAMS 0x0000000720000000| PB 0x0000000720000000| Untracked |  0
| 257|0x0000000720200000, 0x0000000720200000, 0x0000000720400000|  0%| F|  |TAMS 0x0000000720200000| PB 0x0000000720200000| Untracked |  0
| 258|0x0000000720400000, 0x0000000720400000, 0x0000000720600000|  0%| F|  |TAMS 0x0000000720400000| PB 0x0000000720400000| Untracked |  0
| 259|0x0000000720600000, 0x0000000720600000, 0x0000000720800000|  0%| F|  |TAMS 0x0000000720600000| PB 0x0000000720600000| Untracked |  0
| 260|0x0000000720800000, 0x0000000720800000, 0x0000000720a00000|  0%| F|  |TAMS 0x0000000720800000| PB 0x0000000720800000| Untracked |  0
| 261|0x0000000720a00000, 0x0000000720a00000, 0x0000000720c00000|  0%| F|  |TAMS 0x0000000720a00000| PB 0x0000000720a00000| Untracked |  0
| 262|0x0000000720c00000, 0x0000000720c00000, 0x0000000720e00000|  0%| F|  |TAMS 0x0000000720c00000| PB 0x0000000720c00000| Untracked |  0
| 263|0x0000000720e00000, 0x0000000720e00000, 0x0000000721000000|  0%| F|  |TAMS 0x0000000720e00000| PB 0x0000000720e00000| Untracked |  0
| 264|0x0000000721000000, 0x0000000721000000, 0x0000000721200000|  0%| F|  |TAMS 0x0000000721000000| PB 0x0000000721000000| Untracked |  0
| 265|0x0000000721200000, 0x0000000721200000, 0x0000000721400000|  0%| F|  |TAMS 0x0000000721200000| PB 0x0000000721200000| Untracked |  0
| 266|0x0000000721400000, 0x0000000721400000, 0x0000000721600000|  0%| F|  |TAMS 0x0000000721400000| PB 0x0000000721400000| Untracked |  0
| 267|0x0000000721600000, 0x0000000721600000, 0x0000000721800000|  0%| F|  |TAMS 0x0000000721600000| PB 0x0000000721600000| Untracked |  0
| 268|0x0000000721800000, 0x0000000721800000, 0x0000000721a00000|  0%| F|  |TAMS 0x0000000721800000| PB 0x0000000721800000| Untracked |  0
| 269|0x0000000721a00000, 0x0000000721a00000, 0x0000000721c00000|  0%| F|  |TAMS 0x0000000721a00000| PB 0x0000000721a00000| Untracked |  0
| 270|0x0000000721c00000, 0x0000000721c00000, 0x0000000721e00000|  0%| F|  |TAMS 0x0000000721c00000| PB 0x0000000721c00000| Untracked |  0
| 271|0x0000000721e00000, 0x0000000721e00000, 0x0000000722000000|  0%| F|  |TAMS 0x0000000721e00000| PB 0x0000000721e00000| Untracked |  0
| 272|0x0000000722000000, 0x0000000722000000, 0x0000000722200000|  0%| F|  |TAMS 0x0000000722000000| PB 0x0000000722000000| Untracked |  0
| 273|0x0000000722200000, 0x0000000722200000, 0x0000000722400000|  0%| F|  |TAMS 0x0000000722200000| PB 0x0000000722200000| Untracked |  0
| 274|0x0000000722400000, 0x0000000722400000, 0x0000000722600000|  0%| F|  |TAMS 0x0000000722400000| PB 0x0000000722400000| Untracked |  0
| 275|0x0000000722600000, 0x0000000722600000, 0x0000000722800000|  0%| F|  |TAMS 0x0000000722600000| PB 0x0000000722600000| Untracked |  0
| 276|0x0000000722800000, 0x0000000722800000, 0x0000000722a00000|  0%| F|  |TAMS 0x0000000722800000| PB 0x0000000722800000| Untracked |  0
| 277|0x0000000722a00000, 0x0000000722a00000, 0x0000000722c00000|  0%| F|  |TAMS 0x0000000722a00000| PB 0x0000000722a00000| Untracked |  0
| 278|0x0000000722c00000, 0x0000000722c00000, 0x0000000722e00000|  0%| F|  |TAMS 0x0000000722c00000| PB 0x0000000722c00000| Untracked |  0
| 279|0x0000000722e00000, 0x0000000722e00000, 0x0000000723000000|  0%| F|  |TAMS 0x0000000722e00000| PB 0x0000000722e00000| Untracked |  0
| 280|0x0000000723000000, 0x0000000723000000, 0x0000000723200000|  0%| F|  |TAMS 0x0000000723000000| PB 0x0000000723000000| Untracked |  0
| 281|0x0000000723200000, 0x0000000723200000, 0x0000000723400000|  0%| F|  |TAMS 0x0000000723200000| PB 0x0000000723200000| Untracked |  0
| 282|0x0000000723400000, 0x0000000723400000, 0x0000000723600000|  0%| F|  |TAMS 0x0000000723400000| PB 0x0000000723400000| Untracked |  0
| 283|0x0000000723600000, 0x0000000723600000, 0x0000000723800000|  0%| F|  |TAMS 0x0000000723600000| PB 0x0000000723600000| Untracked |  0
| 284|0x0000000723800000, 0x0000000723800000, 0x0000000723a00000|  0%| F|  |TAMS 0x0000000723800000| PB 0x0000000723800000| Untracked |  0
| 285|0x0000000723a00000, 0x0000000723a00000, 0x0000000723c00000|  0%| F|  |TAMS 0x0000000723a00000| PB 0x0000000723a00000| Untracked |  0
| 286|0x0000000723c00000, 0x0000000723c00000, 0x0000000723e00000|  0%| F|  |TAMS 0x0000000723c00000| PB 0x0000000723c00000| Untracked |  0
| 287|0x0000000723e00000, 0x0000000723e00000, 0x0000000724000000|  0%| F|  |TAMS 0x0000000723e00000| PB 0x0000000723e00000| Untracked |  0
| 288|0x0000000724000000, 0x0000000724000000, 0x0000000724200000|  0%| F|  |TAMS 0x0000000724000000| PB 0x0000000724000000| Untracked |  0
| 289|0x0000000724200000, 0x0000000724200000, 0x0000000724400000|  0%| F|  |TAMS 0x0000000724200000| PB 0x0000000724200000| Untracked |  0
| 290|0x0000000724400000, 0x0000000724400000, 0x0000000724600000|  0%| F|  |TAMS 0x0000000724400000| PB 0x0000000724400000| Untracked |  0
| 291|0x0000000724600000, 0x0000000724600000, 0x0000000724800000|  0%| F|  |TAMS 0x0000000724600000| PB 0x0000000724600000| Untracked |  0
| 292|0x0000000724800000, 0x0000000724800000, 0x0000000724a00000|  0%| F|  |TAMS 0x0000000724800000| PB 0x0000000724800000| Untracked |  0
| 293|0x0000000724a00000, 0x0000000724a00000, 0x0000000724c00000|  0%| F|  |TAMS 0x0000000724a00000| PB 0x0000000724a00000| Untracked |  0
| 294|0x0000000724c00000, 0x0000000724c00000, 0x0000000724e00000|  0%| F|  |TAMS 0x0000000724c00000| PB 0x0000000724c00000| Untracked |  0
| 295|0x0000000724e00000, 0x0000000724e00000, 0x0000000725000000|  0%| F|  |TAMS 0x0000000724e00000| PB 0x0000000724e00000| Untracked |  0
| 296|0x0000000725000000, 0x0000000725000000, 0x0000000725200000|  0%| F|  |TAMS 0x0000000725000000| PB 0x0000000725000000| Untracked |  0
| 297|0x0000000725200000, 0x0000000725200000, 0x0000000725400000|  0%| F|  |TAMS 0x0000000725200000| PB 0x0000000725200000| Untracked |  0
| 298|0x0000000725400000, 0x0000000725400000, 0x0000000725600000|  0%| F|  |TAMS 0x0000000725400000| PB 0x0000000725400000| Untracked |  0
| 299|0x0000000725600000, 0x0000000725800000, 0x0000000725800000|100%| E|  |TAMS 0x0000000725600000| PB 0x0000000725600000| Complete |  0
| 300|0x0000000725800000, 0x0000000725a00000, 0x0000000725a00000|100%| E|CS|TAMS 0x0000000725800000| PB 0x0000000725800000| Complete |  0
| 301|0x0000000725a00000, 0x0000000725c00000, 0x0000000725c00000|100%| E|CS|TAMS 0x0000000725a00000| PB 0x0000000725a00000| Complete |  0
| 302|0x0000000725c00000, 0x0000000725e00000, 0x0000000725e00000|100%| E|CS|TAMS 0x0000000725c00000| PB 0x0000000725c00000| Complete |  0
| 303|0x0000000725e00000, 0x0000000726000000, 0x0000000726000000|100%| E|CS|TAMS 0x0000000725e00000| PB 0x0000000725e00000| Complete |  0
| 304|0x0000000726000000, 0x0000000726200000, 0x0000000726200000|100%| E|CS|TAMS 0x0000000726000000| PB 0x0000000726000000| Complete |  0
| 305|0x0000000726200000, 0x0000000726400000, 0x0000000726400000|100%| E|CS|TAMS 0x0000000726200000| PB 0x0000000726200000| Complete |  0
| 306|0x0000000726400000, 0x0000000726600000, 0x0000000726600000|100%| E|CS|TAMS 0x0000000726400000| PB 0x0000000726400000| Complete |  0
| 307|0x0000000726600000, 0x0000000726800000, 0x0000000726800000|100%| E|CS|TAMS 0x0000000726600000| PB 0x0000000726600000| Complete |  0
| 308|0x0000000726800000, 0x0000000726a00000, 0x0000000726a00000|100%| E|CS|TAMS 0x0000000726800000| PB 0x0000000726800000| Complete |  0
| 309|0x0000000726a00000, 0x0000000726c00000, 0x0000000726c00000|100%| E|CS|TAMS 0x0000000726a00000| PB 0x0000000726a00000| Complete |  0
| 310|0x0000000726c00000, 0x0000000726e00000, 0x0000000726e00000|100%| E|CS|TAMS 0x0000000726c00000| PB 0x0000000726c00000| Complete |  0
| 311|0x0000000726e00000, 0x0000000727000000, 0x0000000727000000|100%| E|CS|TAMS 0x0000000726e00000| PB 0x0000000726e00000| Complete |  0
| 312|0x0000000727000000, 0x0000000727200000, 0x0000000727200000|100%| E|CS|TAMS 0x0000000727000000| PB 0x0000000727000000| Complete |  0
| 313|0x0000000727200000, 0x0000000727400000, 0x0000000727400000|100%| E|CS|TAMS 0x0000000727200000| PB 0x0000000727200000| Complete |  0
| 314|0x0000000727400000, 0x0000000727600000, 0x0000000727600000|100%| E|CS|TAMS 0x0000000727400000| PB 0x0000000727400000| Complete |  0
| 315|0x0000000727600000, 0x0000000727800000, 0x0000000727800000|100%| E|CS|TAMS 0x0000000727600000| PB 0x0000000727600000| Complete |  0
| 316|0x0000000727800000, 0x0000000727a00000, 0x0000000727a00000|100%| E|CS|TAMS 0x0000000727800000| PB 0x0000000727800000| Complete |  0
| 317|0x0000000727a00000, 0x0000000727c00000, 0x0000000727c00000|100%| E|CS|TAMS 0x0000000727a00000| PB 0x0000000727a00000| Complete |  0
| 318|0x0000000727c00000, 0x0000000727e00000, 0x0000000727e00000|100%| E|CS|TAMS 0x0000000727c00000| PB 0x0000000727c00000| Complete |  0
| 319|0x0000000727e00000, 0x0000000728000000, 0x0000000728000000|100%| E|CS|TAMS 0x0000000727e00000| PB 0x0000000727e00000| Complete |  0
| 320|0x0000000728000000, 0x0000000728200000, 0x0000000728200000|100%| E|CS|TAMS 0x0000000728000000| PB 0x0000000728000000| Complete |  0
| 321|0x0000000728200000, 0x0000000728400000, 0x0000000728400000|100%| E|CS|TAMS 0x0000000728200000| PB 0x0000000728200000| Complete |  0
| 322|0x0000000728400000, 0x0000000728600000, 0x0000000728600000|100%| E|CS|TAMS 0x0000000728400000| PB 0x0000000728400000| Complete |  0
| 323|0x0000000728600000, 0x0000000728800000, 0x0000000728800000|100%| E|CS|TAMS 0x0000000728600000| PB 0x0000000728600000| Complete |  0
| 324|0x0000000728800000, 0x0000000728a00000, 0x0000000728a00000|100%| E|CS|TAMS 0x0000000728800000| PB 0x0000000728800000| Complete |  0
| 325|0x0000000728a00000, 0x0000000728c00000, 0x0000000728c00000|100%| E|CS|TAMS 0x0000000728a00000| PB 0x0000000728a00000| Complete |  0
| 326|0x0000000728c00000, 0x0000000728e00000, 0x0000000728e00000|100%| E|CS|TAMS 0x0000000728c00000| PB 0x0000000728c00000| Complete |  0
| 327|0x0000000728e00000, 0x0000000729000000, 0x0000000729000000|100%| E|CS|TAMS 0x0000000728e00000| PB 0x0000000728e00000| Complete |  0
| 328|0x0000000729000000, 0x0000000729200000, 0x0000000729200000|100%| E|CS|TAMS 0x0000000729000000| PB 0x0000000729000000| Complete |  0
| 329|0x0000000729200000, 0x0000000729400000, 0x0000000729400000|100%| E|CS|TAMS 0x0000000729200000| PB 0x0000000729200000| Complete |  0
| 330|0x0000000729400000, 0x0000000729600000, 0x0000000729600000|100%| E|CS|TAMS 0x0000000729400000| PB 0x0000000729400000| Complete |  0
| 331|0x0000000729600000, 0x0000000729800000, 0x0000000729800000|100%| E|CS|TAMS 0x0000000729600000| PB 0x0000000729600000| Complete |  0
| 332|0x0000000729800000, 0x0000000729a00000, 0x0000000729a00000|100%| E|CS|TAMS 0x0000000729800000| PB 0x0000000729800000| Complete |  0
| 333|0x0000000729a00000, 0x0000000729c00000, 0x0000000729c00000|100%| E|CS|TAMS 0x0000000729a00000| PB 0x0000000729a00000| Complete |  0
| 334|0x0000000729c00000, 0x0000000729e00000, 0x0000000729e00000|100%| E|CS|TAMS 0x0000000729c00000| PB 0x0000000729c00000| Complete |  0
| 335|0x0000000729e00000, 0x000000072a000000, 0x000000072a000000|100%| E|CS|TAMS 0x0000000729e00000| PB 0x0000000729e00000| Complete |  0
| 336|0x000000072a000000, 0x000000072a200000, 0x000000072a200000|100%| E|CS|TAMS 0x000000072a000000| PB 0x000000072a000000| Complete |  0
| 337|0x000000072a200000, 0x000000072a400000, 0x000000072a400000|100%| E|CS|TAMS 0x000000072a200000| PB 0x000000072a200000| Complete |  0
| 338|0x000000072a400000, 0x000000072a600000, 0x000000072a600000|100%| E|CS|TAMS 0x000000072a400000| PB 0x000000072a400000| Complete |  0
| 339|0x000000072a600000, 0x000000072a800000, 0x000000072a800000|100%| E|CS|TAMS 0x000000072a600000| PB 0x000000072a600000| Complete |  0
| 340|0x000000072a800000, 0x000000072aa00000, 0x000000072aa00000|100%| E|CS|TAMS 0x000000072a800000| PB 0x000000072a800000| Complete |  0
| 341|0x000000072aa00000, 0x000000072ac00000, 0x000000072ac00000|100%| E|CS|TAMS 0x000000072aa00000| PB 0x000000072aa00000| Complete |  0
| 342|0x000000072ac00000, 0x000000072ae00000, 0x000000072ae00000|100%| E|CS|TAMS 0x000000072ac00000| PB 0x000000072ac00000| Complete |  0
| 343|0x000000072ae00000, 0x000000072b000000, 0x000000072b000000|100%| E|CS|TAMS 0x000000072ae00000| PB 0x000000072ae00000| Complete |  0
| 344|0x000000072b000000, 0x000000072b200000, 0x000000072b200000|100%| E|CS|TAMS 0x000000072b000000| PB 0x000000072b000000| Complete |  0
| 345|0x000000072b200000, 0x000000072b400000, 0x000000072b400000|100%| E|CS|TAMS 0x000000072b200000| PB 0x000000072b200000| Complete |  0
| 346|0x000000072b400000, 0x000000072b600000, 0x000000072b600000|100%| E|CS|TAMS 0x000000072b400000| PB 0x000000072b400000| Complete |  0
| 347|0x000000072b600000, 0x000000072b800000, 0x000000072b800000|100%| E|CS|TAMS 0x000000072b600000| PB 0x000000072b600000| Complete |  0
| 348|0x000000072b800000, 0x000000072ba00000, 0x000000072ba00000|100%| E|CS|TAMS 0x000000072b800000| PB 0x000000072b800000| Complete |  0
| 349|0x000000072ba00000, 0x000000072bc00000, 0x000000072bc00000|100%| E|CS|TAMS 0x000000072ba00000| PB 0x000000072ba00000| Complete |  0
| 350|0x000000072bc00000, 0x000000072be00000, 0x000000072be00000|100%| E|CS|TAMS 0x000000072bc00000| PB 0x000000072bc00000| Complete |  0
| 351|0x000000072be00000, 0x000000072c000000, 0x000000072c000000|100%| E|CS|TAMS 0x000000072be00000| PB 0x000000072be00000| Complete |  0
| 352|0x000000072c000000, 0x000000072c200000, 0x000000072c200000|100%| E|CS|TAMS 0x000000072c000000| PB 0x000000072c000000| Complete |  0
| 353|0x000000072c200000, 0x000000072c400000, 0x000000072c400000|100%| E|CS|TAMS 0x000000072c200000| PB 0x000000072c200000| Complete |  0
|2032|0x00000007fe000000, 0x00000007fe200000, 0x00000007fe200000|100%| O|Cm|TAMS 0x00000007fe000000| PB 0x00000007fe000000| Complete |  0
|2033|0x00000007fe200000, 0x00000007fe400000, 0x00000007fe400000|100%| E|CS|TAMS 0x00000007fe200000| PB 0x00000007fe200000| Complete |  0
|2034|0x00000007fe400000, 0x00000007fe600000, 0x00000007fe600000|100%| E|CS|TAMS 0x00000007fe400000| PB 0x00000007fe400000| Complete |  0
|2035|0x00000007fe600000, 0x00000007fe800000, 0x00000007fe800000|100%| E|CS|TAMS 0x00000007fe600000| PB 0x00000007fe600000| Complete |  0
|2036|0x00000007fe800000, 0x00000007fea00000, 0x00000007fea00000|100%| E|CS|TAMS 0x00000007fe800000| PB 0x00000007fe800000| Complete |  0
|2037|0x00000007fea00000, 0x00000007fec00000, 0x00000007fec00000|100%| E|CS|TAMS 0x00000007fea00000| PB 0x00000007fea00000| Complete |  0
|2038|0x00000007fec00000, 0x00000007fee00000, 0x00000007fee00000|100%| E|CS|TAMS 0x00000007fec00000| PB 0x00000007fec00000| Complete |  0
|2039|0x00000007fee00000, 0x00000007ff000000, 0x00000007ff000000|100%| E|CS|TAMS 0x00000007fee00000| PB 0x00000007fee00000| Complete |  0
|2040|0x00000007ff000000, 0x00000007ff200000, 0x00000007ff200000|100%| E|CS|TAMS 0x00000007ff000000| PB 0x00000007ff000000| Complete |  0
|2041|0x00000007ff200000, 0x00000007ff400000, 0x00000007ff400000|100%| E|CS|TAMS 0x00000007ff200000| PB 0x00000007ff200000| Complete |  0
|2042|0x00000007ff400000, 0x00000007ff600000, 0x00000007ff600000|100%| E|CS|TAMS 0x00000007ff400000| PB 0x00000007ff400000| Complete |  0
|2043|0x00000007ff600000, 0x00000007ff800000, 0x00000007ff800000|100%| E|CS|TAMS 0x00000007ff600000| PB 0x00000007ff600000| Complete |  0
|2044|0x00000007ff800000, 0x00000007ffa00000, 0x00000007ffa00000|100%| E|CS|TAMS 0x00000007ff800000| PB 0x00000007ff800000| Complete |  0
|2045|0x00000007ffa00000, 0x00000007ffc00000, 0x00000007ffc00000|100%| O|  |TAMS 0x00000007ffa00000| PB 0x00000007ffa00000| Untracked |  0
|2046|0x00000007ffc00000, 0x00000007ffe00000, 0x00000007ffe00000|100%| E|CS|TAMS 0x00000007ffc00000| PB 0x00000007ffc00000| Complete |  0
|2047|0x00000007ffe00000, 0x0000000800000000, 0x0000000800000000|100%| E|CS|TAMS 0x00000007ffe00000| PB 0x00000007ffe00000| Complete |  0

Card table byte_map: [0x00000175bff10000,0x00000175c0710000] _byte_map_base: 0x00000175bc710000

Marking Bits: (CMBitMap*) 0x00000175a7833580
 Bits: [0x00000175c0710000, 0x00000175c4710000)

Polling page: 0x00000175a5400000

Metaspace:
Metaspace        used 180667K, committed 183616K, reserved 1245184K
 class space     used 24161K, committed 25536K, reserved 1048576K

Usage:
  Non-class:    152.84 MB used.
      Class:     23.60 MB used.
       Both:    176.43 MB used.

Virtual space:
  Non-class space:      192.00 MB reserved,     154.38 MB ( 80%) committed,  3 nodes.
      Class space:        1.00 GB reserved,      24.94 MB (  2%) committed,  1 nodes.
             Both:        1.19 GB reserved,     179.31 MB ( 15%) committed. 

Chunk freelists:
   Non-Class:  5.48 MB
       Class:  6.88 MB
        Both:  12.37 MB

MaxMetaspaceSize: unlimited
CompressedClassSpaceSize: 1.00 GB
Initial GC threshold: 21.00 MB
Current GC threshold: 296.69 MB
CDS: on
 - commit_granule_bytes: 65536.
 - commit_granule_words: 8192.
 - virtual_space_node_default_size: 8388608.
 - enlarge_chunks_in_place: 1.
UseCompressedClassPointers 1, UseCompactObjectHeaders 0
Narrow klass pointer bits 32, Max shift 3
Narrow klass base: 0x0000000092000000, Narrow klass shift: 0
Encoding Range: [0x0000000092000000 - 0x0000000192000000), (4294967296 bytes)
Klass Range:    [0x0000000092010000 - 0x00000000d3000000), (1090453504 bytes)
Klass ID Range:  [65536 - 1090519033) (1090453497)
Protection zone: [0x0000000092000000 - 0x0000000092010000), (65536 bytes)


Internal statistics:

num_allocs_failed_limit: 12.
num_arena_births: 5308.
num_arena_deaths: 126.
num_vsnodes_births: 4.
num_vsnodes_deaths: 0.
num_space_committed: 2868.
num_space_uncommitted: 0.
num_chunks_returned_to_freelist: 159.
num_chunks_taken_from_freelist: 13095.
num_chunk_merges: 30.
num_chunk_splits: 9053.
num_chunks_enlarged: 6458.
num_inconsistent_stats: 0.

CodeHeap 'non-profiled nmethods': size=120064Kb used=15391Kb max_used=16447Kb free=104672Kb
 bounds [0x00000175b7d90000, 0x00000175b8da0000, 0x00000175bf2d0000]
CodeHeap 'profiled nmethods': size=120064Kb used=48058Kb max_used=54980Kb free=72006Kb
 bounds [0x00000175b02b0000, 0x00000175b3870000, 0x00000175b77f0000]
CodeHeap 'non-nmethods': size=5760Kb used=2417Kb max_used=2496Kb free=3342Kb
 bounds [0x00000175b77f0000, 0x00000175b7a80000, 0x00000175b7d90000]
CodeCache: size=245888Kb, used=65866Kb, max_used=73923Kb, free=180020Kb
 total_blobs=26535, nmethods=25307, adapters=1124, full_count=0
Compilation: enabled, stopped_count=0, restarted_count=0

Compilation events (20 events):
Event: 66.852 Thread 0x00000175c6d38000 nmethod 33564 0x00000175b074a988 code [0x00000175b074aa80, 0x00000175b074af20]
Event: 66.852 Thread 0x00000175c6d36fe0 33565       4       org.gradle.internal.classpath.DefaultClassPath::plus (57 bytes)
Event: 66.853 Thread 0x00000175c6d38000 33566       3       org.gradle.internal.resource.ExternalResourceName::encode (311 bytes)
Event: 66.856 Thread 0x00000175c6d38000 nmethod 33566 0x00000175b044e308 code [0x00000175b044e400, 0x00000175b044fb70]
Event: 66.856 Thread 0x00000175c6d38000 33567       3       org.gradle.api.internal.artifacts.ivyservice.resolveengine.graph.builder.DependencyGraphBuilder::validateGraph (291 bytes)
Event: 66.858 Thread 0x00000175c6d38000 nmethod 33567 0x00000175b0907208 code [0x00000175b0907300, 0x00000175b09091c8]
Event: 66.865 Thread 0x00000175c6d38000 33569       3       org.gradle.api.internal.catalog.DependencyModel::<init> (36 bytes)
Event: 66.865 Thread 0x00000175c6d38000 nmethod 33569 0x00000175b0cfcf08 code [0x00000175b0cfd000, 0x00000175b0cfd3f0]
Event: 66.873 Thread 0x00000175c6d38000 33570       3       org.gradle.internal.work.DefaultWorkerLeaseService::withReplacedLocks (31 bytes)
Event: 66.873 Thread 0x00000175c6d38000 nmethod 33570 0x00000175b0356288 code [0x00000175b0356380, 0x00000175b0356be0]
Event: 66.874 Thread 0x00000175c6d38000 33571       3       java.lang.invoke.LambdaForm$MH/0x00000000931b3400::invoke (97 bytes)
Event: 66.875 Thread 0x00000175c6d38000 nmethod 33571 0x00000175b0519f88 code [0x00000175b051a080, 0x00000175b051af78]
Event: 66.875 Thread 0x00000175c6d38000 33572       1       org.gradle.api.problems.internal.DefaultProblems::getInternalReporter (5 bytes)
Event: 66.875 Thread 0x00000175c6d38000 nmethod 33572 0x00000175b80bac08 code [0x00000175b80bad00, 0x00000175b80badc8]
Event: 66.876 Thread 0x00000175c6d38000 33573       3       java.lang.invoke.LambdaForm$MH/0x00000000932e6c00::invoke (126 bytes)
Event: 66.877 Thread 0x00000175c6d38000 nmethod 33573 0x00000175b096ce88 code [0x00000175b096cf80, 0x00000175b096e0a8]
Event: 66.877 Thread 0x00000175c6d38000 33574       1       org.gradle.api.internal.project.DefaultProject::getAsDynamicObject (5 bytes)
Event: 66.877 Thread 0x00000175c6d38000 nmethod 33574 0x00000175b80bd608 code [0x00000175b80bd700, 0x00000175b80bd7c8]
Event: 66.878 Thread 0x00000175c6d38000 33575       3       java.lang.invoke.LambdaForm$MH/0x0000000094767c00::invoke (61 bytes)
Event: 66.878 Thread 0x00000175c6d38000 nmethod 33575 0x00000175b031ff08 code [0x00000175b0320000, 0x00000175b0320c90]

GC Heap Usage History (20 events):
Event: 37.507 {heap Before GC invocations=56 (full 0):
 garbage-first heap   total reserved 4194304K, committed 475136K, used 395264K [0x0000000700000000, 0x0000000800000000)
  region size 2048K, 52 young (106496K), 7 survivors (14336K)
}
Event: 37.533 {heap After GC invocations=57 (full 0):
 garbage-first heap   total reserved 4194304K, committed 751616K, used 332476K [0x0000000700000000, 0x0000000800000000)
  region size 2048K, 7 young (14336K), 7 survivors (14336K)
}
Event: 39.278 {heap Before GC invocations=58 (full 0):
 garbage-first heap   total reserved 4194304K, committed 751616K, used 557756K [0x0000000700000000, 0x0000000800000000)
  region size 2048K, 127 young (260096K), 7 survivors (14336K)
}
Event: 39.309 {heap After GC invocations=59 (full 0):
 garbage-first heap   total reserved 4194304K, committed 751616K, used 338593K [0x0000000700000000, 0x0000000800000000)
  region size 2048K, 16 young (32768K), 16 survivors (32768K)
}
Event: 42.003 {heap Before GC invocations=59 (full 0):
 garbage-first heap   total reserved 4194304K, committed 751616K, used 629409K [0x0000000700000000, 0x0000000800000000)
  region size 2048K, 158 young (323584K), 16 survivors (32768K)
}
Event: 42.030 {heap After GC invocations=60 (full 0):
 garbage-first heap   total reserved 4194304K, committed 751616K, used 300361K [0x0000000700000000, 0x0000000800000000)
  region size 2048K, 3 young (6144K), 3 survivors (6144K)
}
Event: 48.066 {heap Before GC invocations=60 (full 0):
 garbage-first heap   total reserved 4194304K, committed 751616K, used 664905K [0x0000000700000000, 0x0000000800000000)
  region size 2048K, 181 young (370688K), 3 survivors (6144K)
}
Event: 48.070 {heap After GC invocations=61 (full 0):
 garbage-first heap   total reserved 4194304K, committed 751616K, used 299884K [0x0000000700000000, 0x0000000800000000)
  region size 2048K, 3 young (6144K), 3 survivors (6144K)
}
Event: 52.196 {heap Before GC invocations=61 (full 0):
 garbage-first heap   total reserved 4194304K, committed 751616K, used 676716K [0x0000000700000000, 0x0000000800000000)
  region size 2048K, 187 young (382976K), 3 survivors (6144K)
}
Event: 52.253 {heap After GC invocations=62 (full 0):
 garbage-first heap   total reserved 4194304K, committed 751616K, used 344055K [0x0000000700000000, 0x0000000800000000)
  region size 2048K, 24 young (49152K), 24 survivors (49152K)
}
Event: 55.249 {heap Before GC invocations=62 (full 0):
 garbage-first heap   total reserved 4194304K, committed 751616K, used 661495K [0x0000000700000000, 0x0000000800000000)
  region size 2048K, 179 young (366592K), 24 survivors (49152K)
}
Event: 55.332 {heap After GC invocations=63 (full 0):
 garbage-first heap   total reserved 4194304K, committed 757760K, used 388390K [0x0000000700000000, 0x0000000800000000)
  region size 2048K, 22 young (45056K), 22 survivors (45056K)
}
Event: 57.666 {heap Before GC invocations=64 (full 0):
 garbage-first heap   total reserved 4194304K, committed 757760K, used 584998K [0x0000000700000000, 0x0000000800000000)
  region size 2048K, 156 young (319488K), 22 survivors (45056K)
}
Event: 57.741 {heap After GC invocations=65 (full 0):
 garbage-first heap   total reserved 4194304K, committed 757760K, used 353155K [0x0000000700000000, 0x0000000800000000)
  region size 2048K, 20 young (40960K), 20 survivors (40960K)
}
Event: 59.909 {heap Before GC invocations=65 (full 0):
 garbage-first heap   total reserved 4194304K, committed 757760K, used 650115K [0x0000000700000000, 0x0000000800000000)
  region size 2048K, 165 young (337920K), 20 survivors (40960K)
}
Event: 59.987 {heap After GC invocations=66 (full 0):
 garbage-first heap   total reserved 4194304K, committed 757760K, used 333810K [0x0000000700000000, 0x0000000800000000)
  region size 2048K, 21 young (43008K), 21 survivors (43008K)
}
Event: 62.303 {heap Before GC invocations=66 (full 0):
 garbage-first heap   total reserved 4194304K, committed 757760K, used 643058K [0x0000000700000000, 0x0000000800000000)
  region size 2048K, 172 young (352256K), 21 survivors (43008K)
}
Event: 62.373 {heap After GC invocations=67 (full 0):
 garbage-first heap   total reserved 4194304K, committed 757760K, used 378799K [0x0000000700000000, 0x0000000800000000)
  region size 2048K, 22 young (45056K), 22 survivors (45056K)
}
Event: 65.260 {heap Before GC invocations=67 (full 0):
 garbage-first heap   total reserved 4194304K, committed 757760K, used 653231K [0x0000000700000000, 0x0000000800000000)
  region size 2048K, 156 young (319488K), 22 survivors (45056K)
}
Event: 65.327 {heap After GC invocations=68 (full 0):
 garbage-first heap   total reserved 4194304K, committed 757760K, used 415741K [0x0000000700000000, 0x0000000800000000)
  region size 2048K, 18 young (36864K), 18 survivors (36864K)
}

Metaspace Usage History (20 events):
Event: 37.507 {metaspace Before GC invocations=56 (full 0):
 Metaspace       used 161466K, committed 164032K, reserved 1245184K
  class space    used 22014K, committed 23232K, reserved 1048576K
}
Event: 37.533 {metaspace After GC invocations=57 (full 0):
 Metaspace       used 161466K, committed 164032K, reserved 1245184K
  class space    used 22014K, committed 23232K, reserved 1048576K
}
Event: 39.278 {metaspace Before GC invocations=58 (full 0):
 Metaspace       used 162489K, committed 165120K, reserved 1245184K
  class space    used 22030K, committed 23296K, reserved 1048576K
}
Event: 39.309 {metaspace After GC invocations=59 (full 0):
 Metaspace       used 162489K, committed 165120K, reserved 1245184K
  class space    used 22030K, committed 23296K, reserved 1048576K
}
Event: 42.003 {metaspace Before GC invocations=59 (full 0):
 Metaspace       used 163455K, committed 166080K, reserved 1245184K
  class space    used 22043K, committed 23296K, reserved 1048576K
}
Event: 42.030 {metaspace After GC invocations=60 (full 0):
 Metaspace       used 163455K, committed 166080K, reserved 1245184K
  class space    used 22043K, committed 23296K, reserved 1048576K
}
Event: 48.066 {metaspace Before GC invocations=60 (full 0):
 Metaspace       used 164183K, committed 166784K, reserved 1245184K
  class space    used 22061K, committed 23296K, reserved 1048576K
}
Event: 48.070 {metaspace After GC invocations=61 (full 0):
 Metaspace       used 164183K, committed 166784K, reserved 1245184K
  class space    used 22061K, committed 23296K, reserved 1048576K
}
Event: 52.196 {metaspace Before GC invocations=61 (full 0):
 Metaspace       used 167451K, committed 170176K, reserved 1245184K
  class space    used 22478K, committed 23808K, reserved 1048576K
}
Event: 52.253 {metaspace After GC invocations=62 (full 0):
 Metaspace       used 167451K, committed 170176K, reserved 1245184K
  class space    used 22478K, committed 23808K, reserved 1048576K
}
Event: 55.249 {metaspace Before GC invocations=62 (full 0):
 Metaspace       used 168277K, committed 171072K, reserved 1245184K
  class space    used 22524K, committed 23872K, reserved 1048576K
}
Event: 55.332 {metaspace After GC invocations=63 (full 0):
 Metaspace       used 168277K, committed 171072K, reserved 1245184K
  class space    used 22524K, committed 23872K, reserved 1048576K
}
Event: 57.666 {metaspace Before GC invocations=64 (full 0):
 Metaspace       used 168683K, committed 171584K, reserved 1245184K
  class space    used 22543K, committed 23936K, reserved 1048576K
}
Event: 57.741 {metaspace After GC invocations=65 (full 0):
 Metaspace       used 168683K, committed 171584K, reserved 1245184K
  class space    used 22543K, committed 23936K, reserved 1048576K
}
Event: 59.909 {metaspace Before GC invocations=65 (full 0):
 Metaspace       used 169109K, committed 172032K, reserved 1245184K
  class space    used 22563K, committed 23936K, reserved 1048576K
}
Event: 59.987 {metaspace After GC invocations=66 (full 0):
 Metaspace       used 169109K, committed 172032K, reserved 1245184K
  class space    used 22563K, committed 23936K, reserved 1048576K
}
Event: 62.303 {metaspace Before GC invocations=66 (full 0):
 Metaspace       used 169562K, committed 172480K, reserved 1245184K
  class space    used 22589K, committed 24000K, reserved 1048576K
}
Event: 62.373 {metaspace After GC invocations=67 (full 0):
 Metaspace       used 169562K, committed 172480K, reserved 1245184K
  class space    used 22589K, committed 24000K, reserved 1048576K
}
Event: 65.260 {metaspace Before GC invocations=67 (full 0):
 Metaspace       used 178662K, committed 181568K, reserved 1245184K
  class space    used 23894K, committed 25280K, reserved 1048576K
}
Event: 65.327 {metaspace After GC invocations=68 (full 0):
 Metaspace       used 178662K, committed 181568K, reserved 1245184K
  class space    used 23894K, committed 25280K, reserved 1048576K
}

Dll operation events (14 events):
Event: 0.029 Loaded shared library C:\Users\Abraham Sistemas\.gradle\jdks\eclipse_adoptium-25-amd64-windows.2\bin\java.dll
Event: 0.246 Loaded shared library C:\Users\Abraham Sistemas\.gradle\jdks\eclipse_adoptium-25-amd64-windows.2\bin\zip.dll
Event: 0.254 Loaded shared library C:\Users\Abraham Sistemas\.gradle\jdks\eclipse_adoptium-25-amd64-windows.2\bin\instrument.dll
Event: 0.259 Loaded shared library C:\Users\Abraham Sistemas\.gradle\jdks\eclipse_adoptium-25-amd64-windows.2\bin\net.dll
Event: 0.265 Loaded shared library C:\Users\Abraham Sistemas\.gradle\jdks\eclipse_adoptium-25-amd64-windows.2\bin\nio.dll
Event: 0.268 Loaded shared library C:\Users\Abraham Sistemas\.gradle\jdks\eclipse_adoptium-25-amd64-windows.2\bin\zip.dll
Event: 0.528 Loaded shared library C:\Users\Abraham Sistemas\.gradle\jdks\eclipse_adoptium-25-amd64-windows.2\bin\jimage.dll
Event: 0.805 Loaded shared library C:\Users\Abraham Sistemas\.gradle\jdks\eclipse_adoptium-25-amd64-windows.2\bin\verify.dll
Event: 0.836 Loaded shared library C:\Users\Abraham Sistemas\.gradle\native\660c5614fbf4a5f2a75b1949f50a0caf5cd603558e7d8a26e50b933a0cfb79d1\windows-amd64\native-platform.dll
Event: 0.851 Loaded shared library C:\Users\Abraham Sistemas\.gradle\native\0.2.8\x86_64-windows-gnu\gradle-fileevents.dll
Event: 2.030 Loaded shared library C:\Users\Abraham Sistemas\.gradle\jdks\eclipse_adoptium-25-amd64-windows.2\bin\management.dll
Event: 2.036 Loaded shared library C:\Users\Abraham Sistemas\.gradle\jdks\eclipse_adoptium-25-amd64-windows.2\bin\management_ext.dll
Event: 2.280 Loaded shared library C:\Users\Abraham Sistemas\.gradle\jdks\eclipse_adoptium-25-amd64-windows.2\bin\extnet.dll
Event: 2.612 Loaded shared library C:\Users\Abraham Sistemas\.gradle\jdks\eclipse_adoptium-25-amd64-windows.2\bin\sunmscapi.dll

Deoptimization events (20 events):
Event: 66.347 Thread 0x00000175cda23090 Uncommon trap: trap_request=0xffffffde fr.pc=0x00000175b8a0fc2c relative=0x0000000000000a2c
Event: 66.347 Thread 0x00000175cda23090 Uncommon trap: reason=class_check action=maybe_recompile pc=0x00000175b8a0fc2c method=java.io.ObjectOutputStream.writeArray(Ljava/lang/Object;Ljava/io/ObjectStreamClass;Z)V @ 379 c2
Event: 66.347 Thread 0x00000175cda23090 DEOPT PACKING pc=0x00000175b8a0fc2c sp=0x000000113e0fd320
Event: 66.347 Thread 0x00000175cda23090 DEOPT UNPACKING pc=0x00000175b7916982 sp=0x000000113e0fd2a0 mode 2
Event: 66.356 Thread 0x00000175cda23090 Uncommon trap: trap_request=0xffffffc6 fr.pc=0x00000175b8a3d358 relative=0x00000000000005d8
Event: 66.356 Thread 0x00000175cda23090 Uncommon trap: reason=bimorphic_or_optimized_type_check action=maybe_recompile pc=0x00000175b8a3d358 method=java.util.HashMap.removeNode(ILjava/lang/Object;Ljava/lang/Object;ZZ)Ljava/util/HashMap$Node; @ 68 c2
Event: 66.357 Thread 0x00000175cda23090 DEOPT PACKING pc=0x00000175b8a3d358 sp=0x000000113e0fdc70
Event: 66.357 Thread 0x00000175cda23090 DEOPT UNPACKING pc=0x00000175b7916982 sp=0x000000113e0fdbd8 mode 2
Event: 66.360 Thread 0x00000175cda23090 Uncommon trap: trap_request=0xffffffc6 fr.pc=0x00000175b8a3d358 relative=0x00000000000005d8
Event: 66.360 Thread 0x00000175cda23090 Uncommon trap: reason=bimorphic_or_optimized_type_check action=maybe_recompile pc=0x00000175b8a3d358 method=java.util.HashMap.removeNode(ILjava/lang/Object;Ljava/lang/Object;ZZ)Ljava/util/HashMap$Node; @ 68 c2
Event: 66.360 Thread 0x00000175cda23090 DEOPT PACKING pc=0x00000175b8a3d358 sp=0x000000113e0fdc70
Event: 66.360 Thread 0x00000175cda23090 DEOPT UNPACKING pc=0x00000175b7916982 sp=0x000000113e0fdbd8 mode 2
Event: 66.781 Thread 0x00000175cda2a2e0 Uncommon trap: trap_request=0xffffff45 fr.pc=0x00000175b883e1ec relative=0x00000000000010ec
Event: 66.781 Thread 0x00000175cda2a2e0 Uncommon trap: reason=unstable_if action=reinterpret pc=0x00000175b883e1ec method=org.gradle.internal.logging.sink.OutputEventRenderer.onOutput(Lorg/gradle/internal/logging/events/OutputEvent;)V @ 24 c2
Event: 66.781 Thread 0x00000175cda2a2e0 DEOPT PACKING pc=0x00000175b883e1ec sp=0x000000113e3fd540
Event: 66.781 Thread 0x00000175cda2a2e0 DEOPT UNPACKING pc=0x00000175b7916982 sp=0x000000113e3fd3e0 mode 2
Event: 66.801 Thread 0x00000175cda2a2e0 Uncommon trap: trap_request=0xffffff45 fr.pc=0x00000175b828142c relative=0x00000000000018ac
Event: 66.801 Thread 0x00000175cda2a2e0 Uncommon trap: reason=unstable_if action=reinterpret pc=0x00000175b828142c method=org.gradle.internal.logging.sink.OutputEventRenderer.onOutput(Lorg/gradle/internal/logging/events/OutputEvent;)V @ 24 c2
Event: 66.801 Thread 0x00000175cda2a2e0 DEOPT PACKING pc=0x00000175b828142c sp=0x000000113e3fcb40
Event: 66.801 Thread 0x00000175cda2a2e0 DEOPT UNPACKING pc=0x00000175b7916982 sp=0x000000113e3fc978 mode 2

Classes loaded (20 events):
Event: 64.850 Loading class javax/crypto/JceSecurity$1
Event: 64.851 Loading class javax/crypto/JceSecurity$1 done
Event: 64.851 Loading class java/lang/Class$Holder
Event: 64.852 Loading class java/lang/Class$Holder done
Event: 64.852 Loading class javax/crypto/ProviderVerifier
Event: 64.852 Loading class javax/crypto/ProviderVerifier done
Event: 64.932 Loading class java/security/cert/CertificateEncodingException
Event: 64.933 Loading class java/security/cert/CertificateEncodingException done
Event: 65.235 Loading class java/util/Currency
Event: 65.236 Loading class java/util/Currency done
Event: 65.347 Loading class sun/reflect/generics/repository/FieldRepository
Event: 65.347 Loading class sun/reflect/generics/repository/FieldRepository done
Event: 65.369 Loading class jdk/internal/vm/annotation/ForceInline
Event: 65.370 Loading class jdk/internal/vm/annotation/ForceInline done
Event: 65.460 Loading class java/util/regex/Pattern$Caret
Event: 65.461 Loading class java/util/regex/Pattern$Caret done
Event: 66.227 Loading class java/io/FileReader
Event: 66.227 Loading class java/io/FileReader done
Event: 66.343 Loading class java/net/UrlDeserializedState
Event: 66.345 Loading class java/net/UrlDeserializedState done

Classes unloaded (20 events):
Event: 65.565 Thread 0x00000175c6e6ebb0 Unloading class 0x0000000094762c00 'java/lang/invoke/LambdaForm$MH+0x0000000094762c00'
Event: 65.565 Thread 0x00000175c6e6ebb0 Unloading class 0x0000000094762400 'java/lang/invoke/LambdaForm$MH+0x0000000094762400'
Event: 65.565 Thread 0x00000175c6e6ebb0 Unloading class 0x0000000094761000 'java/lang/invoke/LambdaForm$MH+0x0000000094761000'
Event: 65.565 Thread 0x00000175c6e6ebb0 Unloading class 0x0000000094760800 'java/lang/invoke/LambdaForm$MH+0x0000000094760800'
Event: 65.565 Thread 0x00000175c6e6ebb0 Unloading class 0x000000009475bc00 'java/lang/invoke/LambdaForm$MH+0x000000009475bc00'
Event: 65.565 Thread 0x00000175c6e6ebb0 Unloading class 0x000000009475b800 'java/lang/invoke/LambdaForm$MH+0x000000009475b800'
Event: 65.565 Thread 0x00000175c6e6ebb0 Unloading class 0x000000009475ac00 'java/lang/invoke/LambdaForm$MH+0x000000009475ac00'
Event: 65.565 Thread 0x00000175c6e6ebb0 Unloading class 0x000000009475a800 'java/lang/invoke/LambdaForm$MH+0x000000009475a800'
Event: 65.565 Thread 0x00000175c6e6ebb0 Unloading class 0x000000009475a000 'java/lang/invoke/LambdaForm$MH+0x000000009475a000'
Event: 65.565 Thread 0x00000175c6e6ebb0 Unloading class 0x0000000094759800 'java/lang/invoke/LambdaForm$MH+0x0000000094759800'
Event: 65.565 Thread 0x00000175c6e6ebb0 Unloading class 0x0000000094758c00 'java/lang/invoke/LambdaForm$MH+0x0000000094758c00'
Event: 65.565 Thread 0x00000175c6e6ebb0 Unloading class 0x00000000946eb000 'java/lang/invoke/LambdaForm$MH+0x00000000946eb000'
Event: 65.565 Thread 0x00000175c6e6ebb0 Unloading class 0x00000000946e6000 'java/lang/invoke/LambdaForm$MH+0x00000000946e6000'
Event: 65.565 Thread 0x00000175c6e6ebb0 Unloading class 0x00000000946e0400 'java/lang/invoke/LambdaForm$MH+0x00000000946e0400'
Event: 65.565 Thread 0x00000175c6e6ebb0 Unloading class 0x00000000946da400 'java/lang/invoke/LambdaForm$MH+0x00000000946da400'
Event: 65.565 Thread 0x00000175c6e6ebb0 Unloading class 0x00000000946c3000 'java/lang/invoke/LambdaForm$MH+0x00000000946c3000'
Event: 65.565 Thread 0x00000175c6e6ebb0 Unloading class 0x0000000093ec6000 'java/lang/invoke/LambdaForm$MH+0x0000000093ec6000'
Event: 65.565 Thread 0x00000175c6e6ebb0 Unloading class 0x0000000093ec2000 'java/lang/invoke/LambdaForm$MH+0x0000000093ec2000'
Event: 65.565 Thread 0x00000175c6e6ebb0 Unloading class 0x0000000093e84000 'java/lang/invoke/LambdaForm$MH+0x0000000093e84000'
Event: 65.565 Thread 0x00000175c6e6ebb0 Unloading class 0x0000000093d8c000 'java/lang/invoke/LambdaForm$MH+0x0000000093d8c000'

Classes redefined (0 events):
No events

Internal exceptions (20 events):
Event: 64.823 Thread 0x00000175cda2a2e0 Exception <a 'sun/nio/fs/WindowsException'{0x000000071f379bc0}> (0x000000071f379bc0) 
thrown [s\src\hotspot\share\prims\jni.cpp, line 516]
Event: 64.919 Thread 0x00000175cda2a2e0 Implicit null exception at 0x00000175b8d6f3b8 to 0x00000175b8d70854
Event: 65.058 Thread 0x00000175cda2a2e0 Exception <a 'java/lang/NoSuchMethodError'{0x000000071e251008}: 'void java.lang.invoke.DirectMethodHandle$Holder.invokeStatic(java.lang.Object, int, java.lang.Object)'> (0x000000071e251008) 
thrown [s\src\hotspot\share\interpreter\linkResolver.cpp, line 804]
Event: 65.372 Thread 0x00000175cda2a2e0 Exception <a 'java/lang/NoSuchMethodError'{0x00000007fff79310}: 'void java.lang.invoke.Invokers$Holder.invokeExact_MT(java.lang.Object, java.lang.Object, java.lang.Object, java.lang.Object)'> (0x00000007fff79310) 
thrown [s\src\hotspot\share\interpreter\linkResolver.cpp, line 804]
Event: 66.275 Thread 0x00000175cda2a2e0 Implicit null exception at 0x00000175b8a29095 to 0x00000175b8a29189
Event: 66.293 Thread 0x00000175cda2a2e0 Exception <a 'sun/nio/fs/WindowsException'{0x0000000728eb1de8}> (0x0000000728eb1de8) 
thrown [s\src\hotspot\share\prims\jni.cpp, line 516]
Event: 66.320 Thread 0x00000175c7786d30 Implicit null exception at 0x00000175b80c0eed to 0x00000175b80c0f61
Event: 66.341 Thread 0x00000175cda23090 Exception <a 'java/lang/NoSuchMethodError'{0x0000000728a720b8}: static Lorg/gradle/tooling/internal/provider/serialization/ClassLoaderDetails;.<clinit>()V> (0x0000000728a720b8) 
thrown [s\src\hotspot\share\prims\jni.cpp, line 1106]
Event: 66.342 Thread 0x00000175cda23090 Exception <a 'java/lang/NoSuchMethodError'{0x0000000728af35e8}: static Lorg/gradle/tooling/internal/provider/serialization/WellKnownClassLoaderRegistry$KnownClassLoaderSpec;.<clinit>()V> (0x0000000728af35e8) 
thrown [s\src\hotspot\share\prims\jni.cpp, line 1106]
Event: 66.342 Thread 0x00000175cda23090 Exception <a 'java/lang/NoSuchMethodError'{0x0000000728af4e00}: static Lorg/gradle/internal/classloader/ClassLoaderSpec;.<clinit>()V> (0x0000000728af4e00) 
thrown [s\src\hotspot\share\prims\jni.cpp, line 1106]
Event: 66.343 Thread 0x00000175cda23090 Exception <a 'java/lang/NoSuchMethodError'{0x0000000728b02488}: static Lorg/gradle/internal/classloader/ClassLoaderSpec;.<clinit>()V> (0x0000000728b02488) 
thrown [s\src\hotspot\share\prims\jni.cpp, line 1106]
Event: 66.343 Thread 0x00000175cda23090 Exception <a 'java/lang/NoSuchMethodError'{0x0000000728b0b9c0}: static Lorg/gradle/internal/classloader/VisitableURLClassLoader$Spec;.<clinit>()V> (0x0000000728b0b9c0) 
thrown [s\src\hotspot\share\prims\jni.cpp, line 1106]
Event: 66.347 Thread 0x00000175cda23090 Exception <a 'java/lang/NoSuchMethodError'{0x0000000728b29bf8}: static [Ljava/net/URL;.<clinit>()V> (0x0000000728b29bf8) 
thrown [s\src\hotspot\share\prims\jni.cpp, line 1106]
Event: 66.814 Thread 0x00000175cda2a2e0 Exception <a 'sun/nio/fs/WindowsException'{0x000000072873a4a8}> (0x000000072873a4a8) 
thrown [s\src\hotspot\share\prims\jni.cpp, line 516]
Event: 66.814 Thread 0x00000175cda2a2e0 Exception <a 'sun/nio/fs/WindowsException'{0x000000072843bc60}> (0x000000072843bc60) 
thrown [s\src\hotspot\share\prims\jni.cpp, line 516]
Event: 66.814 Thread 0x00000175cda2a2e0 Exception <a 'sun/nio/fs/WindowsException'{0x000000072843d188}> (0x000000072843d188) 
thrown [s\src\hotspot\share\prims\jni.cpp, line 516]
Event: 66.815 Thread 0x00000175cda2a2e0 Exception <a 'sun/nio/fs/WindowsException'{0x000000072843e6a0}> (0x000000072843e6a0) 
thrown [s\src\hotspot\share\prims\jni.cpp, line 516]
Event: 66.856 Thread 0x00000175cda2a2e0 Exception <a 'sun/nio/fs/WindowsException'{0x00000007276763c0}> (0x00000007276763c0) 
thrown [s\src\hotspot\share\prims\jni.cpp, line 516]
Event: 66.856 Thread 0x00000175cda2a2e0 Exception <a 'sun/nio/fs/WindowsException'{0x00000007276779f0}> (0x00000007276779f0) 
thrown [s\src\hotspot\share\prims\jni.cpp, line 516]
Event: 66.857 Thread 0x00000175cda2a2e0 Exception <a 'sun/nio/fs/WindowsException'{0x000000072767ad90}> (0x000000072767ad90) 
thrown [s\src\hotspot\share\prims\jni.cpp, line 516]

VM Operations (20 events):
Event: 60.402 Executing non-safepoint VM operation: RendezvousGCThreads
Event: 60.402 Executing non-safepoint VM operation: RendezvousGCThreads done
Event: 62.303 Executing safepoint VM operation: G1CollectForAllocation (G1 Evacuation Pause)
Event: 62.374 Executing safepoint VM operation: G1CollectForAllocation (G1 Evacuation Pause) done
Event: 64.831 Executing non-safepoint VM operation: HandshakeAllThreads (Deoptimize)
Event: 64.831 Executing non-safepoint VM operation: HandshakeAllThreads (Deoptimize) done
Event: 64.845 Executing non-safepoint VM operation: HandshakeAllThreads (Deoptimize)
Event: 64.845 Executing non-safepoint VM operation: HandshakeAllThreads (Deoptimize) done
Event: 64.849 Executing non-safepoint VM operation: HandshakeAllThreads (Deoptimize)
Event: 64.849 Executing non-safepoint VM operation: HandshakeAllThreads (Deoptimize) done
Event: 65.260 Executing safepoint VM operation: G1CollectForAllocation (G1 Evacuation Pause)
Event: 65.327 Executing safepoint VM operation: G1CollectForAllocation (G1 Evacuation Pause) done
Event: 65.564 Executing safepoint VM operation: G1PauseRemark
Event: 65.618 Executing safepoint VM operation: G1PauseRemark done
Event: 65.726 Executing safepoint VM operation: G1PauseCleanup
Event: 65.726 Executing safepoint VM operation: G1PauseCleanup done
Event: 66.274 Executing non-safepoint VM operation: HandshakeAllThreads (Deoptimize)
Event: 66.274 Executing non-safepoint VM operation: HandshakeAllThreads (Deoptimize) done
Event: 66.280 Executing non-safepoint VM operation: HandshakeAllThreads (Deoptimize)
Event: 66.280 Executing non-safepoint VM operation: HandshakeAllThreads (Deoptimize) done

Memory protections (0 events):
No events

Nmethod flushes (20 events):
Event: 65.614 Thread 0x00000175c6e6ebb0 flushing  nmethod 0x00000175b1d50808
Event: 65.614 Thread 0x00000175c6e6ebb0 flushing  nmethod 0x00000175b1d84508
Event: 65.614 Thread 0x00000175c6e6ebb0 flushing  nmethod 0x00000175b2176488
Event: 65.614 Thread 0x00000175c6e6ebb0 flushing  nmethod 0x00000175b2a1b788
Event: 65.614 Thread 0x00000175c6e6ebb0 flushing  nmethod 0x00000175b2ac8d88
Event: 65.614 Thread 0x00000175c6e6ebb0 flushing  nmethod 0x00000175b2d32288
Event: 65.614 Thread 0x00000175c6e6ebb0 flushing  nmethod 0x00000175b2d32708
Event: 65.614 Thread 0x00000175c6e6ebb0 flushing  nmethod 0x00000175b2d32a88
Event: 65.614 Thread 0x00000175c6e6ebb0 flushing  nmethod 0x00000175b2d32d88
Event: 65.614 Thread 0x00000175c6e6ebb0 flushing  nmethod 0x00000175b2d33c88
Event: 65.614 Thread 0x00000175c6e6ebb0 flushing  nmethod 0x00000175b2d34288
Event: 65.614 Thread 0x00000175c6e6ebb0 flushing  nmethod 0x00000175b2d34588
Event: 65.614 Thread 0x00000175c6e6ebb0 flushing  nmethod 0x00000175b2d34888
Event: 65.614 Thread 0x00000175c6e6ebb0 flushing  nmethod 0x00000175b2d34c08
Event: 65.614 Thread 0x00000175c6e6ebb0 flushing  nmethod 0x00000175b2d35008
Event: 65.614 Thread 0x00000175c6e6ebb0 flushing  nmethod 0x00000175b2d35488
Event: 65.614 Thread 0x00000175c6e6ebb0 flushing  nmethod 0x00000175b2d35c88
Event: 65.614 Thread 0x00000175c6e6ebb0 flushing  nmethod 0x00000175b2d56988
Event: 65.614 Thread 0x00000175c6e6ebb0 flushing  nmethod 0x00000175b2e77788
Event: 65.614 Thread 0x00000175c6e6ebb0 flushing  nmethod 0x00000175b3041a88

Events (20 events):
Event: 66.320 Thread 0x00000175c7785d90 Thread exited: 0x00000175c7785d90
Event: 66.320 Thread 0x00000175c7789c10 Thread exited: 0x00000175c7789c10
Event: 66.320 Thread 0x00000175c778abb0 Thread exited: 0x00000175c778abb0
Event: 66.320 Thread 0x00000175c778bb50 Thread exited: 0x00000175c778bb50
Event: 66.329 Thread 0x00000175c7780f70 Thread exited: 0x00000175c7780f70
Event: 66.329 Thread 0x00000175d13ccd90 Thread exited: 0x00000175d13ccd90
Event: 66.335 Thread 0x00000175d13cb620 Thread exited: 0x00000175d13cb620
Event: 66.377 Thread 0x00000175d13cdd30 Thread exited: 0x00000175d13cdd30
Event: 66.386 Thread 0x00000175d13cae50 Thread exited: 0x00000175d13cae50
Event: 66.761 Thread 0x00000175d2863660 Thread exited: 0x00000175d2863660
Event: 66.765 Thread 0x00000175cda23090 Thread added: 0x00000175ce70e300
Event: 66.769 Thread 0x00000175cda23090 Thread added: 0x00000175ce70ead0
Event: 66.777 Thread 0x00000175cda2a2e0 Thread added: 0x00000175ce70bbf0
Event: 66.779 Thread 0x00000175cda2a2e0 Thread added: 0x00000175ce7140c0
Event: 66.779 Thread 0x00000175cda2a2e0 Thread added: 0x00000175ce714890
Event: 66.790 Thread 0x00000175cda2a2e0 Thread added: 0x00000175ce716000
Event: 66.793 Thread 0x00000175cda2a2e0 Thread added: 0x00000175ce715830
Event: 66.805 Thread 0x00000175cda2a2e0 Thread added: 0x00000175c777ffd0
Event: 66.809 Thread 0x00000175cda2a2e0 Thread added: 0x00000175c777e860
Event: 66.811 Thread 0x00000175cda2a2e0 Thread added: 0x00000175c777f030


Dynamic libraries:
0x00007ff788c90000 - 0x00007ff788c9e000 	C:\Users\Abraham Sistemas\.gradle\jdks\eclipse_adoptium-25-amd64-windows.2\bin\java.exe
0x00007ffb00c60000 - 0x00007ffb00ec7000 	C:\WINDOWS\SYSTEM32\ntdll.dll
0x00007ffabed40000 - 0x00007ffabed61000 	C:\Program Files\Norton\Suite\aswhook.dll
0x00007ffaffab0000 - 0x00007ffaffb7b000 	C:\WINDOWS\System32\KERNEL32.DLL
0x00007ffafe000000 - 0x00007ffafe402000 	C:\WINDOWS\System32\KERNELBASE.dll
0x00007ffafe5a0000 - 0x00007ffafe6ec000 	C:\WINDOWS\System32\ucrtbase.dll
0x00007ffaecc60000 - 0x00007ffaecc7e000 	C:\Users\Abraham Sistemas\.gradle\jdks\eclipse_adoptium-25-amd64-windows.2\bin\VCRUNTIME140.dll
0x00007ffae2dc0000 - 0x00007ffae2dd6000 	C:\Users\Abraham Sistemas\.gradle\jdks\eclipse_adoptium-25-amd64-windows.2\bin\jli.dll
0x00007ffb00170000 - 0x00007ffb0033f000 	C:\WINDOWS\System32\USER32.dll
0x00007ffafdf20000 - 0x00007ffafdf47000 	C:\WINDOWS\System32\win32u.dll
0x00007ffb00b40000 - 0x00007ffb00b6b000 	C:\WINDOWS\System32\GDI32.dll
0x00007ffaea5a0000 - 0x00007ffaea830000 	C:\WINDOWS\WinSxS\amd64_microsoft.windows.common-controls_6595b64144ccf1df_6.0.26100.9278_none_3e0d1ba8e3303201\COMCTL32.dll
0x00007ffafe790000 - 0x00007ffafe8b9000 	C:\WINDOWS\System32\gdi32full.dll
0x00007ffb00b70000 - 0x00007ffb00c19000 	C:\WINDOWS\System32\msvcrt.dll
0x00007ffafdf50000 - 0x00007ffafdff3000 	C:\WINDOWS\System32\msvcp_win.dll
0x00007ffaffb90000 - 0x00007ffaffbc1000 	C:\WINDOWS\System32\IMM32.DLL
0x00007ffaf6d50000 - 0x00007ffaf6d5c000 	C:\Users\Abraham Sistemas\.gradle\jdks\eclipse_adoptium-25-amd64-windows.2\bin\vcruntime140_1.dll
0x00007ffac7cb0000 - 0x00007ffac7d3d000 	C:\Users\Abraham Sistemas\.gradle\jdks\eclipse_adoptium-25-amd64-windows.2\bin\msvcp140.dll
0x00007ffa50da0000 - 0x00007ffa51cca000 	C:\Users\Abraham Sistemas\.gradle\jdks\eclipse_adoptium-25-amd64-windows.2\bin\server\jvm.dll
0x00007ffb008e0000 - 0x00007ffb0099c000 	C:\WINDOWS\System32\ADVAPI32.dll
0x00007ffb009b0000 - 0x00007ffb00a59000 	C:\WINDOWS\System32\sechost.dll
0x00007ffb00630000 - 0x00007ffb00748000 	C:\WINDOWS\System32\RPCRT4.dll
0x00007ffaffa10000 - 0x00007ffaffa90000 	C:\WINDOWS\System32\WS2_32.dll
0x00007ffaf7b20000 - 0x00007ffaf7b2b000 	C:\WINDOWS\SYSTEM32\VERSION.dll
0x00007ffafdcc0000 - 0x00007ffafdd1e000 	C:\WINDOWS\SYSTEM32\POWRPROF.dll
0x00007ffaee410000 - 0x00007ffaee446000 	C:\WINDOWS\SYSTEM32\WINMM.dll
0x00007ffafdca0000 - 0x00007ffafdcb5000 	C:\WINDOWS\SYSTEM32\UMPDC.dll
0x00007ffafcb00000 - 0x00007ffafcb1b000 	C:\WINDOWS\SYSTEM32\kernel.appcore.dll
0x00007ffaecc50000 - 0x00007ffaecc5a000 	C:\Users\Abraham Sistemas\.gradle\jdks\eclipse_adoptium-25-amd64-windows.2\bin\jimage.dll
0x00007ffafb530000 - 0x00007ffafb77c000 	C:\WINDOWS\SYSTEM32\DBGHELP.DLL
0x00007ffaffbd0000 - 0x00007ffafff55000 	C:\WINDOWS\System32\combase.dll
0x00007ffb00370000 - 0x00007ffb00449000 	C:\WINDOWS\System32\OLEAUT32.dll
0x00007ffaf2ed0000 - 0x00007ffaf2f0b000 	C:\WINDOWS\SYSTEM32\dbgcore.DLL
0x00007ffafde60000 - 0x00007ffafdf0c000 	C:\WINDOWS\System32\bcryptPrimitives.dll
0x00007ffae2d50000 - 0x00007ffae2d5f000 	C:\Users\Abraham Sistemas\.gradle\jdks\eclipse_adoptium-25-amd64-windows.2\bin\instrument.dll
0x00007ffadd910000 - 0x00007ffadd92e000 	C:\Users\Abraham Sistemas\.gradle\jdks\eclipse_adoptium-25-amd64-windows.2\bin\java.dll
0x00007ffaff870000 - 0x00007ffaffa0a000 	C:\WINDOWS\System32\ole32.dll
0x00007ffaff010000 - 0x00007ffaff7a8000 	C:\WINDOWS\System32\SHELL32.dll
0x00007ffafb8a0000 - 0x00007ffafc14e000 	C:\WINDOWS\SYSTEM32\windows.storage.dll
0x00007ffb007e0000 - 0x00007ffb008db000 	C:\WINDOWS\System32\SHCORE.dll
0x00007ffaff800000 - 0x00007ffaff866000 	C:\WINDOWS\System32\shlwapi.dll
0x00007ffafdd80000 - 0x00007ffafdda9000 	C:\WINDOWS\SYSTEM32\profapi.dll
0x00007ffadcf20000 - 0x00007ffadcf36000 	C:\Users\Abraham Sistemas\.gradle\jdks\eclipse_adoptium-25-amd64-windows.2\bin\zip.dll
0x00007ffad4600000 - 0x00007ffad4611000 	C:\Users\Abraham Sistemas\.gradle\jdks\eclipse_adoptium-25-amd64-windows.2\bin\net.dll
0x00007ffafd0b0000 - 0x00007ffafd11c000 	C:\WINDOWS\system32\mswsock.dll
0x00007ffad21e0000 - 0x00007ffad21f6000 	C:\Users\Abraham Sistemas\.gradle\jdks\eclipse_adoptium-25-amd64-windows.2\bin\nio.dll
0x00007ffae2d40000 - 0x00007ffae2d50000 	C:\Users\Abraham Sistemas\.gradle\jdks\eclipse_adoptium-25-amd64-windows.2\bin\verify.dll
0x00007ffac8060000 - 0x00007ffac8087000 	C:\Users\Abraham Sistemas\.gradle\native\660c5614fbf4a5f2a75b1949f50a0caf5cd603558e7d8a26e50b933a0cfb79d1\windows-amd64\native-platform.dll
0x00007ffa90600000 - 0x00007ffa90677000 	C:\Users\Abraham Sistemas\.gradle\native\0.2.8\x86_64-windows-gnu\gradle-fileevents.dll
0x00007ffadd900000 - 0x00007ffadd90a000 	C:\Users\Abraham Sistemas\.gradle\jdks\eclipse_adoptium-25-amd64-windows.2\bin\management.dll
0x00007ffad1fe0000 - 0x00007ffad1fec000 	C:\Users\Abraham Sistemas\.gradle\jdks\eclipse_adoptium-25-amd64-windows.2\bin\management_ext.dll
0x00007ffafe980000 - 0x00007ffafe988000 	C:\WINDOWS\System32\PSAPI.DLL
0x00007ffafc4a0000 - 0x00007ffafc4d3000 	C:\WINDOWS\SYSTEM32\IPHLPAPI.DLL
0x00007ffaffaa0000 - 0x00007ffaffaaa000 	C:\WINDOWS\System32\NSI.dll
0x00007ffad1fd0000 - 0x00007ffad1fd9000 	C:\Users\Abraham Sistemas\.gradle\jdks\eclipse_adoptium-25-amd64-windows.2\bin\extnet.dll
0x00007ffafd3e0000 - 0x00007ffafd3fb000 	C:\WINDOWS\SYSTEM32\CRYPTSP.dll
0x00007ffafca60000 - 0x00007ffafca99000 	C:\WINDOWS\system32\rsaenh.dll
0x00007ffafd180000 - 0x00007ffafd1b4000 	C:\WINDOWS\SYSTEM32\USERENV.dll
0x00007ffafdd50000 - 0x00007ffafdd7a000 	C:\WINDOWS\SYSTEM32\bcrypt.dll
0x00007ffafd400000 - 0x00007ffafd40c000 	C:\WINDOWS\SYSTEM32\CRYPTBASE.dll
0x00007ffad1fc0000 - 0x00007ffad1fce000 	C:\Users\Abraham Sistemas\.gradle\jdks\eclipse_adoptium-25-amd64-windows.2\bin\sunmscapi.dll
0x00007ffafe410000 - 0x00007ffafe58e000 	C:\WINDOWS\System32\CRYPT32.dll
0x00007ffafd620000 - 0x00007ffafd650000 	C:\WINDOWS\SYSTEM32\ncrypt.dll
0x00007ffafd5d0000 - 0x00007ffafd60f000 	C:\WINDOWS\SYSTEM32\NTASN1.dll
0x00007ffabfcf0000 - 0x00007ffabfcf8000 	C:\WINDOWS\system32\wshunix.dll

JVMTI agents:
C:\Users\Abraham Sistemas\.gradle\wrapper\dists\gradle-9.7.1-bin\1w1c7tv4s851m17nbqdsro2tv\gradle-9.7.1\lib\agents\gradle-instrumentation-agent-9.7.1.jar path:C:\Users\Abraham Sistemas\.gradle\jdks\eclipse_adoptium-25-amd64-windows.2\bin\instrument.dll, loaded, initialized, instrumentlib options:none

dbghelp: loaded successfully - version: 4.0.5 - missing functions: none
symbol engine: initialized successfully - sym options: 0x614 - pdb path: .;C:\Users\Abraham Sistemas\.gradle\jdks\eclipse_adoptium-25-amd64-windows.2\bin;C:\WINDOWS\SYSTEM32;C:\Program Files\Norton\Suite;C:\WINDOWS\WinSxS\amd64_microsoft.windows.common-controls_6595b64144ccf1df_6.0.26100.9278_none_3e0d1ba8e3303201;C:\Users\Abraham Sistemas\.gradle\jdks\eclipse_adoptium-25-amd64-windows.2\bin\server;C:\Users\Abraham Sistemas\.gradle\native\660c5614fbf4a5f2a75b1949f50a0caf5cd603558e7d8a26e50b933a0cfb79d1\windows-amd64;C:\Users\Abraham Sistemas\.gradle\native\0.2.8\x86_64-windows-gnu

VM Arguments:
jvm_args: --add-opens=java.base/java.lang=ALL-UNNAMED --add-opens=java.base/java.lang.invoke=ALL-UNNAMED --add-opens=java.base/java.util=ALL-UNNAMED --add-opens=java.prefs/java.util.prefs=ALL-UNNAMED --add-exports=jdk.compiler/com.sun.tools.javac.api=ALL-UNNAMED --add-exports=jdk.compiler/com.sun.tools.javac.util=ALL-UNNAMED --add-opens=java.base/java.nio.charset=ALL-UNNAMED --add-opens=java.base/java.net=ALL-UNNAMED --add-opens=java.base/java.util.concurrent=ALL-UNNAMED --add-opens=java.base/java.util.concurrent.atomic=ALL-UNNAMED --add-opens=java.xml/javax.xml.namespace=ALL-UNNAMED --add-opens=java.base/java.time=ALL-UNNAMED --enable-native-access=ALL-UNNAMED -Xmx4096m -Dfile.encoding=UTF-8 -Duser.country=MX -Duser.language=es -Duser.variant -javaagent:C:\Users\Abraham Sistemas\.gradle\wrapper\dists\gradle-9.7.1-bin\1w1c7tv4s851m17nbqdsro2tv\gradle-9.7.1\lib\agents\gradle-instrumentation-agent-9.7.1.jar 
java_command: org.gradle.launcher.daemon.bootstrap.GradleDaemon 9.7.1
java_class_path (initial): C:\Users\Abraham Sistemas\.gradle\wrapper\dists\gradle-9.7.1-bin\1w1c7tv4s851m17nbqdsro2tv\gradle-9.7.1\lib\gradle-daemon-main-9.7.1.jar
Launcher Type: SUN_STANDARD

[Global flags]
     intx CICompilerCount                          = 4                                         {product} {ergonomic}
     uint ConcGCThreads                            = 2                                         {product} {ergonomic}
     uint G1ConcRefinementThreads                  = 8                                         {product} {ergonomic}
   size_t G1HeapRegionSize                         = 2097152                                   {product} {ergonomic}
   size_t InitialHeapSize                          = 134217728                                 {product} {ergonomic}
   size_t MarkStackSize                            = 4194304                                   {product} {ergonomic}
   size_t MarkStackSizeMax                         = 536870912                                 {product} {ergonomic}
   size_t MaxHeapSize                              = 4294967296                                {product} {command line}
   size_t MaxNewSize                               = 2575302656                                {product} {ergonomic}
   size_t MinHeapDeltaBytes                        = 2097152                                   {product} {ergonomic}
   size_t MinHeapSize                              = 8388608                                   {product} {ergonomic}
    uintx NonNMethodCodeHeapSize                   = 5898240                                {pd product} {ergonomic}
    uintx NonProfiledCodeHeapSize                  = 122945536                              {pd product} {ergonomic}
    uintx ProfiledCodeHeapSize                     = 122945536                              {pd product} {ergonomic}
    uintx ReservedCodeCacheSize                    = 251789312                              {pd product} {ergonomic}
     bool SegmentedCodeCache                       = true                                      {product} {ergonomic}
   size_t SoftMaxHeapSize                          = 4294967296                             {manageable} {ergonomic}
     bool UseCompressedOops                        = true                           {product lp64_product} {ergonomic}
     bool UseG1GC                                  = true                                      {product} {ergonomic}
     bool UseLargePagesIndividualAllocation        = false                                  {pd product} {ergonomic}

Logging:
Log output configuration:
 #0: stdout all=warning uptime,level,tags foldmultilines=false
 #1: stderr all=off uptime,level,tags foldmultilines=false

Release file:
IMPLEMENTOR="Eclipse Adoptium" 
IMPLEMENTOR_VERSION="Temurin-25.0.3+9" 
JAVA_RUNTIME_VERSION="25.0.3+9-LTS" 
JAVA_VERSION="25.0.3" 
JAVA_VERSION_DATE="2026-04-21" 
LIBC="default" 
MODULES="java.base java.compiler java.datatransfer java.xml java.prefs java.desktop java.instrument java.logging java.management java.security.sasl java.naming java.rmi java.management.rmi java.net.http java.scripting java.security.jgss java.transaction.xa java.sql java.sql.rowset java.xml.crypto java.se java.smartcardio jdk.accessibility jdk.internal.jvmstat jdk.attach jdk.charsets jdk.internal.opt jdk.zipfs jdk.compiler jdk.crypto.cryptoki jdk.crypto.ec jdk.crypto.mscapi jdk.dynalink jdk.internal.ed jdk.editpad jdk.internal.vm.ci jdk.graal.compiler jdk.graal.compiler.management jdk.hotspot.agent jdk.httpserver jdk.incubator.vector jdk.internal.le jdk.internal.md jdk.jartool jdk.javadoc jdk.jcmd jdk.management jdk.management.agent jdk.jconsole jdk.jdeps jdk.jdwp.agent jdk.jdi jdk.jfr jdk.jlink jdk.jpackage jdk.jshell jdk.jsobject jdk.jstatd jdk.localedata jdk.management.jfr jdk.naming.dns jdk.naming.rmi jdk.net jdk.nio.mapmode jdk.sctp jdk.security.auth jdk.security.jgss jdk.unsupported jdk.unsupported.desktop jdk.xml.dom" 
OS_ARCH="x86_64" 
OS_NAME="Windows" 
SOURCE=".:git:cda0a1776184" 
BUILD_SOURCE="git:a612825ee82a20ac872d60958c349854c1f29a8e"
BUILD_SOURCE_REPO="https://github.com/adoptium/temurin-build.git"
SOURCE_REPO="https://github.com/adoptium/jdk25u.git"
FULL_VERSION="25.0.3+9-LTS"
SEMANTIC_VERSION="25.0.3+9"
BUILD_INFO="OS: Windows Server 2022 Version: 10.0"
JVM_VARIANT="Hotspot"
JVM_VERSION="25.0.3+9-LTS"
IMAGE_TYPE="JDK"

Environment Variables:
JAVA_HOME=C:\Program Files\Microsoft\jdk-21.0.12.8-hotspot\
PATH=C:\Program Files\Microsoft\jdk-21.0.12.8-hotspot\bin;C:\WINDOWS\system32;C:\WINDOWS;C:\WINDOWS\System32\Wbem;C:\WINDOWS\System32\WindowsPowerShell\v1.0\;C:\WINDOWS\System32\OpenSSH\;C:\Program Files\Microsoft SQL Server\170\Tools\Binn\;C:\Program Files\Microsoft SQL Server\Client SDK\ODBC\170\Tools\Binn\;C:\Program Files\dotnet\;C:\Users\Abraham Sistemas\AppData\Local\Microsoft\WindowsApps;C:\Users\Abraham Sistemas\AppData\Local\Programs\Microsoft VS Code\bin;C:\ProgramData\Abraham Sistemas\GitHubDesktop\bin;C:\Users\Abraham Sistemas\.local\bin;C:\Users\Abraham Sistemas\.dotnet\tools;C:\Program Files\Docker\Docker\resources\bin;C:\Users\Abraham Sistemas\AppData\Local\Microsoft\WindowsApps;C:\Users\Abraham Sistemas\AppData\Local\Programs\Microsoft VS Code\bin;C:\ProgramData\Abraham Sistemas\GitHubDesktop\bin;C:\Users\Abraham Sistemas\.local\bin;C:\Users\Abraham Sistemas\.dotnet\tools;C:\Program Files\Docker\Docker\resources\bin;C:\ProgramData\DockerDesktop\version-bin;;C:\Users\Abraham Sistemas\AppData\Local\Programs\DockerDesktop\resources\bin;C:\Program Files\smartmontools\bin;C:\Kotlin\kotlinc\bin;C:\Gradle\gradle-8.11\bin
USERNAME=Abraham Sistemas
OS=Windows_NT
PROCESSOR_IDENTIFIER=Intel64 Family 6 Model 142 Stepping 10, GenuineIntel
TMP=C:\Users\ABRAHA~1\AppData\Local\Temp
TEMP=C:\Users\ABRAHA~1\AppData\Local\Temp




Compilation memory statistics disabled.

Periodic native trim disabled

---------------  S Y S T E M  ---------------

OS:
 Windows 11 , 64 bit Build 26100 (10.0.26100.9444)
OS uptime: 0 days 1:07 hours
Hyper-V role detected

CPU: total 8 (initial active 8) (4 cores per cpu, 2 threads per core) family 6 model 142 stepping 10 microcode 0xf0, cx8, cmov, fxsr, ht, mmx, 3dnowpref, sse, sse2, sse3, ssse3, sse4.1, sse4.2, popcnt, lzcnt, tsc, tscinvbit, avx, avx2, aes, erms, clmul, bmi1, bmi2, adx, fma, vzeroupper, clflush, clflushopt, hv, rdtscp, f16c
Processor Information for the first 8 processors :
  Max Mhz: 1992, Current Mhz: 1792, Mhz Limit: 1792

Memory: 4k page, system-wide physical 8089M (382M free)
TotalPageFile size 17213M (AvailPageFile size 0M)
current process WorkingSet (physical memory assigned to process): 1148M, peak: 1160M
current process commit charge ("private bytes"): 1266M, peak: 1277M

vm_info: OpenJDK 64-Bit Server VM (25.0.3+9-LTS) for windows-amd64 JRE (25.0.3+9-LTS), built on 2026-04-21T00:00:00Z with MS VC++ 17.12 (VS2022)

END.
