#
# There is insufficient memory for the Java Runtime Environment to continue.
# Native memory allocation (mmap) failed to map 620756992 bytes. Error detail: G1 virtual space
# Possible reasons:
#   The system is out of physical RAM or swap space
#   This process is running with CompressedOops enabled, and the Java Heap may be blocking the growth of the native heap
# Possible solutions:
#   Reduce memory load on the system
#   Increase physical memory or swap space
#   Check if swap backing store is full
#   Decrease Java heap size (-Xmx/-Xms)
#   Decrease number of Java threads
#   Decrease Java thread stack sizes (-Xss)
#   Set larger code cache with -XX:ReservedCodeCacheSize=
#   JVM is running with Zero Based Compressed Oops mode in which the Java heap is
#     placed in the first 32GB address space. The Java Heap base address is the
#     maximum limit for the native heap growth. Please use -XX:HeapBaseMinAddress
#     to set the Java Heap base and to place the Java Heap above 32GB virtual address.
# This output file may be truncated or incomplete.
#
#  Out of Memory Error (os_windows.cpp:3554), pid=3992, tid=8976
#
# JRE version: OpenJDK Runtime Environment Temurin-25.0.3+9 (25.0.3+9) (build 25.0.3+9-LTS)
# Java VM: OpenJDK 64-Bit Server VM Temurin-25.0.3+9 (25.0.3+9-LTS, mixed mode, sharing, tiered, compressed oops, compressed class ptrs, g1 gc, windows-amd64)
# No core dump will be written. Minidumps are not enabled by default on client versions of Windows
#

---------------  S U M M A R Y ------------

Command Line: --add-opens=java.base/java.lang=ALL-UNNAMED --add-opens=java.base/java.lang.invoke=ALL-UNNAMED --add-opens=java.base/java.util=ALL-UNNAMED --add-opens=java.prefs/java.util.prefs=ALL-UNNAMED --add-exports=jdk.compiler/com.sun.tools.javac.api=ALL-UNNAMED --add-exports=jdk.compiler/com.sun.tools.javac.util=ALL-UNNAMED --add-opens=java.base/java.nio.charset=ALL-UNNAMED --add-opens=java.base/java.net=ALL-UNNAMED --add-opens=java.base/java.util.concurrent=ALL-UNNAMED --add-opens=java.base/java.util.concurrent.atomic=ALL-UNNAMED --add-opens=java.xml/javax.xml.namespace=ALL-UNNAMED --add-opens=java.base/java.time=ALL-UNNAMED --enable-native-access=ALL-UNNAMED -Xmx4096m -Dfile.encoding=UTF-8 -Duser.country=MX -Duser.language=es -Duser.variant -javaagent:C:\Users\Abraham Sistemas\.gradle\wrapper\dists\gradle-9.7.1-bin\1w1c7tv4s851m17nbqdsro2tv\gradle-9.7.1\lib\agents\gradle-instrumentation-agent-9.7.1.jar org.gradle.launcher.daemon.bootstrap.GradleDaemon 9.7.1

Host: Intel(R) Core(TM) i7-8550U CPU @ 1.80GHz, 8 cores, 7G,  Windows 11 , 64 bit Build 26100 (10.0.26100.9444)
Time: Thu Sep 24 09:08:04 2026 Hora estándar central (México) elapsed time: 73.750895 seconds (0d 0h 1m 13s)

---------------  T H R E A D  ---------------

Current thread (0x000001507edc58c0):  VMThread "VM Thread"          [id=8976, stack(0x0000002dcab00000,0x0000002dcac00000) (1024K)]

Stack: [0x0000002dcab00000,0x0000002dcac00000]
Native frames: (J=compiled Java code, j=interpreted, Vv=VM code, C=native code)
V  [jvm.dll+0x7aa709]  (no source info available)
V  [jvm.dll+0x7749ed]  (no source info available)
V  [jvm.dll+0x9f7433]  (no source info available)
V  [jvm.dll+0x9f9a21]  (no source info available)
V  [jvm.dll+0x9fa133]  (no source info available)
V  [jvm.dll+0x2fd266]  (no source info available)
V  [jvm.dll+0x7a6935]  (no source info available)
V  [jvm.dll+0x799d87]  (no source info available)
V  [jvm.dll+0x3f5d88]  (no source info available)
V  [jvm.dll+0x3fdcf6]  (no source info available)
V  [jvm.dll+0x3ea45e]  (no source info available)
V  [jvm.dll+0x3ea718]  (no source info available)
V  [jvm.dll+0x3c1575]  (no source info available)
V  [jvm.dll+0x3c160a]  (no source info available)
V  [jvm.dll+0x40ead6]  (no source info available)
V  [jvm.dll+0x40d3e8]  (no source info available)
V  [jvm.dll+0x3c0ca7]  (no source info available)
V  [jvm.dll+0x40c7cf]  (no source info available)
V  [jvm.dll+0xa00382]  (no source info available)
V  [jvm.dll+0xa016a1]  (no source info available)
V  [jvm.dll+0xa01c18]  (no source info available)
V  [jvm.dll+0xa01eb3]  (no source info available)
V  [jvm.dll+0x99894d]  (no source info available)
V  [jvm.dll+0x7a8ce5]  (no source info available)
C  [ucrtbase.dll+0x2cd30]  (no source info available)
C  [KERNEL32.DLL+0x2cd87]  (no source info available)
C  [ntdll.dll+0xacaec]  (no source info available)

VM_Operation (0x0000002dcc3f4598): G1CollectForAllocation, mode: safepoint, requested by thread 0x000001501867fb60


---------------  P R O C E S S  ---------------

Threads class SMR info:
_java_thread_list=0x000001501e96b5c0, length=46, elements={
0x00000150701d9400, 0x000001507eddd070, 0x000001507edde650, 0x000001507ede1b60,
0x000001507ede3880, 0x000001507ede5110, 0x000001507ede69a0, 0x000001507ee17d00,
0x000001507ee318b0, 0x000001501319ff50, 0x00000150132745e0, 0x0000015019833480,
0x0000015019999760, 0x0000015019856f40, 0x0000015019d025c0, 0x0000015019d02d80,
0x000001501867e3f0, 0x000001501867fb60, 0x0000015019d22c60, 0x0000015019d214f0,
0x0000015019d23c00, 0x0000015019d20d20, 0x0000015019d25370, 0x0000015019d28250,
0x0000015019d272b0, 0x000001501b65f020, 0x000001501b660f60, 0x000001501b662ea0,
0x000001501b65f7f0, 0x000001501b663670, 0x000001501b664610, 0x000001501b664de0,
0x000001501a9f9ef0, 0x000001501a9f7010, 0x000001501a289410, 0x000001501a28ab80,
0x000001501a28b350, 0x000001501a289be0, 0x000001501a288c40, 0x000001501a28cac0,
0x000001501a28ea00, 0x000001501a28d290, 0x000001501cef6b80, 0x000001501cef4c40,
0x000001501cefa230, 0x00000150320d0600
}

Java Threads: ( => current thread )
  0x00000150701d9400 JavaThread "main"                              [_thread_blocked, id=14472, stack(0x0000002dca400000,0x0000002dca500000) (1024K)]
  0x000001507eddd070 JavaThread "Reference Handler"          daemon [_thread_blocked, id=11328, stack(0x0000002dcac00000,0x0000002dcad00000) (1024K)]
  0x000001507edde650 JavaThread "Finalizer"                  daemon [_thread_blocked, id=17948, stack(0x0000002dcad00000,0x0000002dcae00000) (1024K)]
  0x000001507ede1b60 JavaThread "Signal Dispatcher"          daemon [_thread_blocked, id=19692, stack(0x0000002dcae00000,0x0000002dcaf00000) (1024K)]
  0x000001507ede3880 JavaThread "Attach Listener"            daemon [_thread_blocked, id=19308, stack(0x0000002dcaf00000,0x0000002dcb000000) (1024K)]
  0x000001507ede5110 JavaThread "Service Thread"             daemon [_thread_blocked, id=12508, stack(0x0000002dcb000000,0x0000002dcb100000) (1024K)]
  0x000001507ede69a0 JavaThread "Monitor Deflation Thread"   daemon [_thread_blocked, id=1104, stack(0x0000002dcb100000,0x0000002dcb200000) (1024K)]
  0x000001507ee17d00 JavaThread "C2 CompilerThread0"         daemon [_thread_in_native, id=4580, stack(0x0000002dcb200000,0x0000002dcb300000) (1024K)]
  0x000001507ee318b0 JavaThread "C1 CompilerThread0"         daemon [_thread_blocked, id=18472, stack(0x0000002dcb300000,0x0000002dcb400000) (1024K)]
  0x000001501319ff50 JavaThread "Common-Cleaner"             daemon [_thread_blocked, id=10572, stack(0x0000002dcb500000,0x0000002dcb600000) (1024K)]
  0x00000150132745e0 JavaThread "Notification Thread"        daemon [_thread_blocked, id=19764, stack(0x0000002dcb600000,0x0000002dcb700000) (1024K)]
  0x0000015019833480 JavaThread "Daemon health stats"               [_thread_blocked, id=348, stack(0x0000002dcb400000,0x0000002dcb500000) (1024K)]
  0x0000015019999760 JavaThread "Incoming local TCP Connector on port 63971"        [_thread_in_native, id=17192, stack(0x0000002dcba00000,0x0000002dcbb00000) (1024K)]
  0x0000015019856f40 JavaThread "Daemon periodic checks"            [_thread_blocked, id=18576, stack(0x0000002dcbf00000,0x0000002dcc000000) (1024K)]
  0x0000015019d025c0 JavaThread "Daemon"                            [_thread_blocked, id=4088, stack(0x0000002dcc000000,0x0000002dcc100000) (1024K)]
  0x0000015019d02d80 JavaThread "Handler for socket connection from /127.0.0.1:63971 to /127.0.0.1:63972"        [_thread_in_native, id=19952, stack(0x0000002dcc100000,0x0000002dcc200000) (1024K)]
  0x000001501867e3f0 JavaThread "Cancel handler"                    [_thread_blocked, id=21192, stack(0x0000002dcc200000,0x0000002dcc300000) (1024K)]
  0x000001501867fb60 JavaThread "Daemon worker"                     [_thread_blocked, id=18540, stack(0x0000002dcc300000,0x0000002dcc400000) (1024K)]
  0x0000015019d22c60 JavaThread "Asynchronous log dispatcher for DefaultDaemonConnection: socket connection from /127.0.0.1:63971 to /127.0.0.1:63972"        [_thread_blocked, id=6344, stack(0x0000002dcc400000,0x0000002dcc500000) (1024K)]
  0x0000015019d214f0 JavaThread "Stdin handler"                     [_thread_blocked, id=12368, stack(0x0000002dcc500000,0x0000002dcc600000) (1024K)]
  0x0000015019d23c00 JavaThread "Daemon client event forwarder"        [_thread_blocked, id=13136, stack(0x0000002dcc600000,0x0000002dcc700000) (1024K)]
  0x0000015019d20d20 JavaThread "Cache worker for journal cache (C:\Users\Abraham Sistemas\.gradle\caches\journal-1)"        [_thread_blocked, id=8172, stack(0x0000002dcb900000,0x0000002dcba00000) (1024K)]
  0x0000015019d25370 JavaThread "File lock request listener"        [_thread_in_native, id=872, stack(0x0000002dcc700000,0x0000002dcc800000) (1024K)]
  0x0000015019d28250 JavaThread "Cache worker for file hash cache (C:\Users\Abraham Sistemas\.gradle\caches\9.7.1\fileHashes)"        [_thread_blocked, id=4688, stack(0x0000002dcc800000,0x0000002dcc900000) (1024K)]
  0x0000015019d272b0 JavaThread "Cache worker for file hash cache (C:\Users\Abraham Sistemas\Documents\GitHub\Intra_Hangten_VB.net\Equilibrio\.gradle\9.7.1\fileHashes)"        [_thread_blocked, id=10508, stack(0x0000002dccb00000,0x0000002dccc00000) (1024K)]
  0x000001501b65f020 JavaThread "Cache worker for Build Output Cleanup Cache (C:\Users\Abraham Sistemas\Documents\GitHub\Intra_Hangten_VB.net\Equilibrio\.gradle\buildOutputCleanup)"        [_thread_blocked, id=13416, stack(0x0000002dccc00000,0x0000002dccd00000) (1024K)]
  0x000001501b660f60 JavaThread "File watcher server"        daemon [_thread_in_native, id=11564, stack(0x0000002dccd00000,0x0000002dcce00000) (1024K)]
  0x000001501b662ea0 JavaThread "File watcher consumer"      daemon [_thread_blocked, id=3712, stack(0x0000002dcce00000,0x0000002dccf00000) (1024K)]
  0x000001501b65f7f0 JavaThread "Cache worker for file content cache (C:\Users\Abraham Sistemas\.gradle\caches\9.7.1\fileContent)"        [_thread_blocked, id=6748, stack(0x0000002dccf00000,0x0000002dcd000000) (1024K)]
  0x000001501b663670 JavaThread "Cache worker for checksums cache (C:\Users\Abraham Sistemas\Documents\GitHub\Intra_Hangten_VB.net\Equilibrio\.gradle\9.7.1\checksums)"        [_thread_blocked, id=15020, stack(0x0000002dcd000000,0x0000002dcd100000) (1024K)]
  0x000001501b664610 JavaThread "Cache worker for cache directory md-supplier (C:\Users\Abraham Sistemas\.gradle\caches\9.7.1\md-supplier)"        [_thread_blocked, id=5492, stack(0x0000002dcd100000,0x0000002dcd200000) (1024K)]
  0x000001501b664de0 JavaThread "Cache worker for cache directory md-rule (C:\Users\Abraham Sistemas\.gradle\caches\9.7.1\md-rule)"        [_thread_blocked, id=6800, stack(0x0000002dcd200000,0x0000002dcd300000) (1024K)]
  0x000001501a9f9ef0 JavaThread "jar transforms"                    [_thread_blocked, id=18316, stack(0x0000002dcd400000,0x0000002dcd500000) (1024K)]
  0x000001501a9f7010 JavaThread "jar transforms Thread 2"           [_thread_blocked, id=15088, stack(0x0000002dcd500000,0x0000002dcd600000) (1024K)]
  0x000001501a289410 JavaThread "Build operations"                  [_thread_blocked, id=15120, stack(0x0000002dcd600000,0x0000002dcd700000) (1024K)]
  0x000001501a28ab80 JavaThread "Build operations Thread 2"         [_thread_blocked, id=7892, stack(0x0000002dcd700000,0x0000002dcd800000) (1024K)]
  0x000001501a28b350 JavaThread "Build operations Thread 3"         [_thread_blocked, id=11032, stack(0x0000002dcd800000,0x0000002dcd900000) (1024K)]
  0x000001501a289be0 JavaThread "Build operations Thread 4"         [_thread_blocked, id=4164, stack(0x0000002dcd900000,0x0000002dcda00000) (1024K)]
  0x000001501a288c40 JavaThread "Build operations Thread 5"         [_thread_blocked, id=20972, stack(0x0000002dcda00000,0x0000002dcdb00000) (1024K)]
  0x000001501a28cac0 JavaThread "Build operations Thread 6"         [_thread_blocked, id=20892, stack(0x0000002dcdb00000,0x0000002dcdc00000) (1024K)]
  0x000001501a28ea00 JavaThread "Build operations Thread 7"         [_thread_blocked, id=1576, stack(0x0000002dcdc00000,0x0000002dcdd00000) (1024K)]
  0x000001501a28d290 JavaThread "Build operations Thread 8"         [_thread_blocked, id=2748, stack(0x0000002dcdd00000,0x0000002dcde00000) (1024K)]
  0x000001501cef6b80 JavaThread "Memory manager"                    [_thread_blocked, id=19104, stack(0x0000002dcd300000,0x0000002dcd400000) (1024K)]
  0x000001501cef4c40 JavaThread "build event listener"              [_thread_blocked, id=16548, stack(0x0000002dcde00000,0x0000002dcdf00000) (1024K)]
  0x000001501cefa230 JavaThread "build event listener"              [_thread_blocked, id=18092, stack(0x0000002dcdf00000,0x0000002dce000000) (1024K)]
  0x00000150320d0600 JavaThread "Problems report writer"            [_thread_blocked, id=3196, stack(0x0000002dce000000,0x0000002dce100000) (1024K)]
Total: 46

Other Threads:
=>0x000001507edc58c0 VMThread "VM Thread"                           [id=8976, stack(0x0000002dcab00000,0x0000002dcac00000) (1024K)]
  0x000001507edb6ea0 WatcherThread "VM Periodic Task Thread"        [id=16420, stack(0x0000002dcaa00000,0x0000002dcab00000) (1024K)]
  0x00000150726390f0 WorkerThread "GC Thread#0"                     [id=5920, stack(0x0000002dca500000,0x0000002dca600000) (1024K)]
  0x00000150185dcbb0 WorkerThread "GC Thread#1"                     [id=3544, stack(0x0000002dcb700000,0x0000002dcb800000) (1024K)]
  0x000001501866eae0 WorkerThread "GC Thread#2"                     [id=13992, stack(0x0000002dcb800000,0x0000002dcb900000) (1024K)]
  0x0000015019887e90 WorkerThread "GC Thread#3"                     [id=7348, stack(0x0000002dcbb00000,0x0000002dcbc00000) (1024K)]
  0x00000150198882e0 WorkerThread "GC Thread#4"                     [id=17852, stack(0x0000002dcbc00000,0x0000002dcbd00000) (1024K)]
  0x0000015019886d50 WorkerThread "GC Thread#5"                     [id=2784, stack(0x0000002dcbd00000,0x0000002dcbe00000) (1024K)]
  0x0000015019888b80 WorkerThread "GC Thread#6"                     [id=14572, stack(0x0000002dcbe00000,0x0000002dcbf00000) (1024K)]
  0x0000015019886060 WorkerThread "GC Thread#7"                     [id=20648, stack(0x0000002dcc900000,0x0000002dcca00000) (1024K)]
  0x0000015072653850 ConcurrentGCThread "G1 Main Marker"            [id=10680, stack(0x0000002dca600000,0x0000002dca700000) (1024K)]
  0x00000150726543f0 WorkerThread "G1 Conc#0"                       [id=20344, stack(0x0000002dca700000,0x0000002dca800000) (1024K)]
  0x0000015019888fd0 WorkerThread "G1 Conc#1"                       [id=1884, stack(0x0000002dcca00000,0x0000002dccb00000) (1024K)]
  0x000001507ec87130 ConcurrentGCThread "G1 Refine#0"               [id=9452, stack(0x0000002dca800000,0x0000002dca900000) (1024K)]
  0x000001507ec87b40 ConcurrentGCThread "G1 Service"                [id=10880, stack(0x0000002dca900000,0x0000002dcaa00000) (1024K)]
Total: 15

Threads with active compile tasks:
C2 CompilerThread0  73950 24339       4       org.jetbrains.kotlin.fir.deserialization.ClassDeserializationKt::deserializeClassToSymbol (3290 bytes)
Total: 1

VM state: at safepoint (normal execution)

VM Mutex/Monitor currently owned by a thread:  ([mutex/lock_event])
[0x00007ffa445196a8] Threads_lock - owner thread: 0x000001507edc58c0
[0x00007ffa44519828] Heap_lock - owner thread: 0x000001501867fb60

Heap address: 0x0000000700000000, size: 4096 MB, Compressed Oops mode: Zero based, Oop shift amount: 3

CDS archive(s) mapped at: [0x0000000089000000-0x0000000089dd0000-0x0000000089dd0000), size 14483456, SharedBaseAddress: 0x0000000089000000, ArchiveRelocationMode: 1.
Compressed class space mapped at: 0x000000008a000000-0x00000000ca000000, reserved size: 1073741824
UseCompressedClassPointers 1, UseCompactObjectHeaders 0
Narrow klass pointer bits 32, Max shift 3
Narrow klass base: 0x0000000089000000, Narrow klass shift: 0
Encoding Range: [0x0000000089000000 - 0x0000000189000000), (4294967296 bytes)
Klass Range:    [0x0000000089010000 - 0x00000000ca000000), (1090453504 bytes)
Klass ID Range:  [65536 - 1090519033) (1090453497)
Protection zone: [0x0000000089000000 - 0x0000000089010000), (65536 bytes)

GC Precious Log:
 CardTable entry size: 512
 Card Set container configuration: InlinePtr #cards 4 size 8 Array Of Cards #cards 16 size 48 Howl #buckets 8 coarsen threshold 3686 Howl Bitmap #cards 512 size 80 coarsen threshold 460 Card regions per heap region 1 cards per card region 4096
 CPUs: 8 total, 8 available
 Memory: 8089M
 Large Page Support: Disabled
 NUMA Support: Disabled
 Compressed Oops: Enabled (Zero based)
 Heap Region Size: 2M
 Heap Min Capacity: 8M
 Heap Initial Capacity: 128M
 Heap Max Capacity: 4G
 Pre-touch: Disabled
 Parallel Workers: 8
 Concurrent Workers: 2
 Concurrent Refinement Workers: 8
 Periodic GC: Disabled

Heap:
 garbage-first heap   total reserved 4194304K, committed 735232K, used 488151K [0x0000000700000000, 0x0000000800000000)
  region size 2048K, 8 young (16384K), 8 survivors (16384K)

Heap Regions: E=young(eden), S=young(survivor), O=old, HS=humongous(starts), HC=humongous(continues), CS=collection set, F=free, TAMS=top-at-mark-start, PB=parsable bottom
|   0|0x0000000700000000, 0x0000000700200000, 0x0000000700200000|100%|HS|  |TAMS 0x0000000700000000| PB 0x0000000700000000| Complete |  0
|   1|0x0000000700200000, 0x0000000700400000, 0x0000000700400000|100%|HC|  |TAMS 0x0000000700200000| PB 0x0000000700200000| Complete |  0
|   2|0x0000000700400000, 0x0000000700600000, 0x0000000700600000|100%| O|  |TAMS 0x0000000700400000| PB 0x0000000700400000| Untracked |  0
|   3|0x0000000700600000, 0x0000000700800000, 0x0000000700800000|100%| O|  |TAMS 0x0000000700600000| PB 0x0000000700600000| Untracked |  0
|   4|0x0000000700800000, 0x0000000700a00000, 0x0000000700a00000|100%| O|  |TAMS 0x0000000700800000| PB 0x0000000700800000| Untracked |  0
|   5|0x0000000700a00000, 0x0000000700c00000, 0x0000000700c00000|100%| O|  |TAMS 0x0000000700a00000| PB 0x0000000700a00000| Untracked |  0
|   6|0x0000000700c00000, 0x0000000700e00000, 0x0000000700e00000|100%| O|  |TAMS 0x0000000700c00000| PB 0x0000000700c00000| Untracked |  0
|   7|0x0000000700e00000, 0x0000000701000000, 0x0000000701000000|100%| O|  |TAMS 0x0000000700e00000| PB 0x0000000700e00000| Untracked |  0
|   8|0x0000000701000000, 0x0000000701200000, 0x0000000701200000|100%| O|  |TAMS 0x0000000701000000| PB 0x0000000701000000| Untracked |  0
|   9|0x0000000701200000, 0x0000000701400000, 0x0000000701400000|100%| O|  |TAMS 0x0000000701200000| PB 0x0000000701200000| Untracked |  0
|  10|0x0000000701400000, 0x0000000701600000, 0x0000000701600000|100%| O|  |TAMS 0x0000000701400000| PB 0x0000000701400000| Untracked |  0
|  11|0x0000000701600000, 0x0000000701800000, 0x0000000701800000|100%| O|  |TAMS 0x0000000701600000| PB 0x0000000701600000| Untracked |  0
|  12|0x0000000701800000, 0x0000000701a00000, 0x0000000701a00000|100%| O|  |TAMS 0x0000000701800000| PB 0x0000000701800000| Untracked |  0
|  13|0x0000000701a00000, 0x0000000701c00000, 0x0000000701c00000|100%| O|  |TAMS 0x0000000701a00000| PB 0x0000000701a00000| Untracked |  0
|  14|0x0000000701c00000, 0x0000000701e00000, 0x0000000701e00000|100%| O|  |TAMS 0x0000000701c00000| PB 0x0000000701c00000| Untracked |  0
|  15|0x0000000701e00000, 0x0000000702000000, 0x0000000702000000|100%| O|  |TAMS 0x0000000701e00000| PB 0x0000000701e00000| Untracked |  0
|  16|0x0000000702000000, 0x0000000702200000, 0x0000000702200000|100%| O|  |TAMS 0x0000000702000000| PB 0x0000000702000000| Untracked |  0
|  17|0x0000000702200000, 0x0000000702400000, 0x0000000702400000|100%| O|  |TAMS 0x0000000702200000| PB 0x0000000702200000| Untracked |  0
|  18|0x0000000702400000, 0x0000000702600000, 0x0000000702600000|100%| O|  |TAMS 0x0000000702400000| PB 0x0000000702400000| Untracked |  0
|  19|0x0000000702600000, 0x0000000702800000, 0x0000000702800000|100%| O|  |TAMS 0x0000000702600000| PB 0x0000000702600000| Untracked |  0
|  20|0x0000000702800000, 0x0000000702a00000, 0x0000000702a00000|100%| O|  |TAMS 0x0000000702800000| PB 0x0000000702800000| Untracked |  0
|  21|0x0000000702a00000, 0x0000000702c00000, 0x0000000702c00000|100%| O|  |TAMS 0x0000000702a00000| PB 0x0000000702a00000| Untracked |  0
|  22|0x0000000702c00000, 0x0000000702e00000, 0x0000000702e00000|100%| O|  |TAMS 0x0000000702c00000| PB 0x0000000702c00000| Untracked |  0
|  23|0x0000000702e00000, 0x0000000703000000, 0x0000000703000000|100%| O|  |TAMS 0x0000000702e00000| PB 0x0000000702e00000| Untracked |  0
|  24|0x0000000703000000, 0x0000000703200000, 0x0000000703200000|100%| O|  |TAMS 0x0000000703000000| PB 0x0000000703000000| Untracked |  0
|  25|0x0000000703200000, 0x0000000703400000, 0x0000000703400000|100%|HS|  |TAMS 0x0000000703200000| PB 0x0000000703200000| Complete |  0
|  26|0x0000000703400000, 0x0000000703600000, 0x0000000703600000|100%|HS|  |TAMS 0x0000000703400000| PB 0x0000000703400000| Complete |  0
|  27|0x0000000703600000, 0x0000000703800000, 0x0000000703800000|100%| O|  |TAMS 0x0000000703600000| PB 0x0000000703600000| Untracked |  0
|  28|0x0000000703800000, 0x0000000703a00000, 0x0000000703a00000|100%| O|  |TAMS 0x0000000703800000| PB 0x0000000703800000| Untracked |  0
|  29|0x0000000703a00000, 0x0000000703c00000, 0x0000000703c00000|100%| O|  |TAMS 0x0000000703a00000| PB 0x0000000703a00000| Untracked |  0
|  30|0x0000000703c00000, 0x0000000703e00000, 0x0000000703e00000|100%| O|  |TAMS 0x0000000703c00000| PB 0x0000000703c00000| Untracked |  0
|  31|0x0000000703e00000, 0x0000000704000000, 0x0000000704000000|100%| O|  |TAMS 0x0000000703e00000| PB 0x0000000703e00000| Untracked |  0
|  32|0x0000000704000000, 0x0000000704200000, 0x0000000704200000|100%| O|  |TAMS 0x0000000704000000| PB 0x0000000704000000| Untracked |  0
|  33|0x0000000704200000, 0x0000000704400000, 0x0000000704400000|100%| O|  |TAMS 0x0000000704200000| PB 0x0000000704200000| Untracked |  0
|  34|0x0000000704400000, 0x0000000704600000, 0x0000000704600000|100%| O|  |TAMS 0x0000000704400000| PB 0x0000000704400000| Untracked |  0
|  35|0x0000000704600000, 0x0000000704800000, 0x0000000704800000|100%| O|  |TAMS 0x0000000704600000| PB 0x0000000704600000| Untracked |  0
|  36|0x0000000704800000, 0x0000000704a00000, 0x0000000704a00000|100%| O|  |TAMS 0x0000000704800000| PB 0x0000000704800000| Untracked |  0
|  37|0x0000000704a00000, 0x0000000704c00000, 0x0000000704c00000|100%| O|  |TAMS 0x0000000704a00000| PB 0x0000000704a00000| Untracked |  0
|  38|0x0000000704c00000, 0x0000000704e00000, 0x0000000704e00000|100%| O|  |TAMS 0x0000000704c00000| PB 0x0000000704c00000| Untracked |  0
|  39|0x0000000704e00000, 0x0000000705000000, 0x0000000705000000|100%| O|  |TAMS 0x0000000704e00000| PB 0x0000000704e00000| Untracked |  0
|  40|0x0000000705000000, 0x0000000705200000, 0x0000000705200000|100%| O|  |TAMS 0x0000000705000000| PB 0x0000000705000000| Untracked |  0
|  41|0x0000000705200000, 0x0000000705400000, 0x0000000705400000|100%| O|  |TAMS 0x0000000705200000| PB 0x0000000705200000| Untracked |  0
|  42|0x0000000705400000, 0x0000000705600000, 0x0000000705600000|100%| O|  |TAMS 0x0000000705400000| PB 0x0000000705400000| Untracked |  0
|  43|0x0000000705600000, 0x0000000705800000, 0x0000000705800000|100%| O|  |TAMS 0x0000000705600000| PB 0x0000000705600000| Untracked |  0
|  44|0x0000000705800000, 0x0000000705800000, 0x0000000705a00000|  0%| F|  |TAMS 0x0000000705800000| PB 0x0000000705800000| Untracked |  0
|  45|0x0000000705a00000, 0x0000000705c00000, 0x0000000705c00000|100%| O|  |TAMS 0x0000000705a00000| PB 0x0000000705a00000| Untracked |  0
|  46|0x0000000705c00000, 0x0000000705e00000, 0x0000000705e00000|100%| O|  |TAMS 0x0000000705c00000| PB 0x0000000705c00000| Untracked |  0
|  47|0x0000000705e00000, 0x0000000706000000, 0x0000000706000000|100%| O|  |TAMS 0x0000000705e00000| PB 0x0000000705e00000| Untracked |  0
|  48|0x0000000706000000, 0x0000000706200000, 0x0000000706200000|100%| O|  |TAMS 0x0000000706000000| PB 0x0000000706000000| Untracked |  0
|  49|0x0000000706200000, 0x0000000706400000, 0x0000000706400000|100%| O|  |TAMS 0x0000000706200000| PB 0x0000000706200000| Untracked |  0
|  50|0x0000000706400000, 0x0000000706600000, 0x0000000706600000|100%| O|Cm|TAMS 0x0000000706400000| PB 0x0000000706400000| Complete |  0
|  51|0x0000000706600000, 0x0000000706800000, 0x0000000706800000|100%| O|  |TAMS 0x0000000706600000| PB 0x0000000706600000| Untracked |  0
|  52|0x0000000706800000, 0x0000000706a00000, 0x0000000706a00000|100%| O|  |TAMS 0x0000000706800000| PB 0x0000000706800000| Untracked |  0
|  53|0x0000000706a00000, 0x0000000706c00000, 0x0000000706c00000|100%| O|  |TAMS 0x0000000706a00000| PB 0x0000000706a00000| Untracked |  0
|  54|0x0000000706c00000, 0x0000000706c00000, 0x0000000706e00000|  0%| F|  |TAMS 0x0000000706c00000| PB 0x0000000706c00000| Untracked |  0
|  55|0x0000000706e00000, 0x0000000707000000, 0x0000000707000000|100%| O|  |TAMS 0x0000000706e00000| PB 0x0000000706e00000| Untracked |  0
|  56|0x0000000707000000, 0x0000000707200000, 0x0000000707200000|100%| O|  |TAMS 0x0000000707000000| PB 0x0000000707000000| Untracked |  0
|  57|0x0000000707200000, 0x0000000707400000, 0x0000000707400000|100%| O|  |TAMS 0x0000000707200000| PB 0x0000000707200000| Untracked |  0
|  58|0x0000000707400000, 0x0000000707600000, 0x0000000707600000|100%| O|  |TAMS 0x0000000707400000| PB 0x0000000707400000| Untracked |  0
|  59|0x0000000707600000, 0x0000000707800000, 0x0000000707800000|100%| O|  |TAMS 0x0000000707600000| PB 0x0000000707600000| Untracked |  0
|  60|0x0000000707800000, 0x0000000707a00000, 0x0000000707a00000|100%| O|  |TAMS 0x0000000707800000| PB 0x0000000707800000| Untracked |  0
|  61|0x0000000707a00000, 0x0000000707a00000, 0x0000000707c00000|  0%| F|  |TAMS 0x0000000707a00000| PB 0x0000000707a00000| Untracked |  0
|  62|0x0000000707c00000, 0x0000000707e00000, 0x0000000707e00000|100%| O|Cm|TAMS 0x0000000707c00000| PB 0x0000000707c00000| Complete |  0
|  63|0x0000000707e00000, 0x0000000708000000, 0x0000000708000000|100%| O|  |TAMS 0x0000000707e00000| PB 0x0000000707e00000| Untracked |  0
|  64|0x0000000708000000, 0x0000000708000000, 0x0000000708200000|  0%| F|  |TAMS 0x0000000708000000| PB 0x0000000708000000| Untracked |  0
|  65|0x0000000708200000, 0x0000000708400000, 0x0000000708400000|100%| O|Cm|TAMS 0x0000000708200000| PB 0x0000000708200000| Complete |  0
|  66|0x0000000708400000, 0x0000000708600000, 0x0000000708600000|100%| O|  |TAMS 0x0000000708400000| PB 0x0000000708400000| Untracked |  0
|  67|0x0000000708600000, 0x0000000708600000, 0x0000000708800000|  0%| F|  |TAMS 0x0000000708600000| PB 0x0000000708600000| Untracked |  0
|  68|0x0000000708800000, 0x0000000708a00000, 0x0000000708a00000|100%| O|Cm|TAMS 0x0000000708800000| PB 0x0000000708800000| Complete |  0
|  69|0x0000000708a00000, 0x0000000708c00000, 0x0000000708c00000|100%| O|  |TAMS 0x0000000708a00000| PB 0x0000000708a00000| Untracked |  0
|  70|0x0000000708c00000, 0x0000000708e00000, 0x0000000708e00000|100%| O|  |TAMS 0x0000000708c00000| PB 0x0000000708c00000| Untracked |  0
|  71|0x0000000708e00000, 0x0000000709000000, 0x0000000709000000|100%| O|Cm|TAMS 0x0000000708e00000| PB 0x0000000708e00000| Complete |  0
|  72|0x0000000709000000, 0x0000000709200000, 0x0000000709200000|100%| O|  |TAMS 0x0000000709000000| PB 0x0000000709000000| Untracked |  0
|  73|0x0000000709200000, 0x0000000709400000, 0x0000000709400000|100%| O|  |TAMS 0x0000000709200000| PB 0x0000000709200000| Untracked |  0
|  74|0x0000000709400000, 0x0000000709600000, 0x0000000709600000|100%| O|  |TAMS 0x0000000709400000| PB 0x0000000709400000| Untracked |  0
|  75|0x0000000709600000, 0x0000000709800000, 0x0000000709800000|100%| O|  |TAMS 0x0000000709600000| PB 0x0000000709600000| Untracked |  0
|  76|0x0000000709800000, 0x0000000709a00000, 0x0000000709a00000|100%| O|Cm|TAMS 0x0000000709800000| PB 0x0000000709800000| Complete |  0
|  77|0x0000000709a00000, 0x0000000709c00000, 0x0000000709c00000|100%| O|  |TAMS 0x0000000709a00000| PB 0x0000000709a00000| Untracked |  0
|  78|0x0000000709c00000, 0x0000000709e00000, 0x0000000709e00000|100%| O|  |TAMS 0x0000000709c00000| PB 0x0000000709c00000| Untracked |  0
|  79|0x0000000709e00000, 0x000000070a000000, 0x000000070a000000|100%| O|Cm|TAMS 0x0000000709e00000| PB 0x0000000709e00000| Complete |  0
|  80|0x000000070a000000, 0x000000070a000000, 0x000000070a200000|  0%| F|  |TAMS 0x000000070a000000| PB 0x000000070a000000| Untracked |  0
|  81|0x000000070a200000, 0x000000070a200000, 0x000000070a400000|  0%| F|  |TAMS 0x000000070a200000| PB 0x000000070a200000| Untracked |  0
|  82|0x000000070a400000, 0x000000070a400000, 0x000000070a600000|  0%| F|  |TAMS 0x000000070a400000| PB 0x000000070a400000| Untracked |  0
|  83|0x000000070a600000, 0x000000070a800000, 0x000000070a800000|100%| O|  |TAMS 0x000000070a600000| PB 0x000000070a600000| Untracked |  0
|  84|0x000000070a800000, 0x000000070aa00000, 0x000000070aa00000|100%| O|  |TAMS 0x000000070a800000| PB 0x000000070a800000| Untracked |  0
|  85|0x000000070aa00000, 0x000000070ac00000, 0x000000070ac00000|100%| O|  |TAMS 0x000000070aa00000| PB 0x000000070aa00000| Untracked |  0
|  86|0x000000070ac00000, 0x000000070ae00000, 0x000000070ae00000|100%| O|  |TAMS 0x000000070ac00000| PB 0x000000070ac00000| Untracked |  0
|  87|0x000000070ae00000, 0x000000070b000000, 0x000000070b000000|100%| O|  |TAMS 0x000000070ae00000| PB 0x000000070ae00000| Untracked |  0
|  88|0x000000070b000000, 0x000000070b200000, 0x000000070b200000|100%| O|  |TAMS 0x000000070b000000| PB 0x000000070b000000| Untracked |  0
|  89|0x000000070b200000, 0x000000070b400000, 0x000000070b400000|100%| O|  |TAMS 0x000000070b200000| PB 0x000000070b200000| Untracked |  0
|  90|0x000000070b400000, 0x000000070b600000, 0x000000070b600000|100%| O|  |TAMS 0x000000070b400000| PB 0x000000070b400000| Untracked |  0
|  91|0x000000070b600000, 0x000000070b800000, 0x000000070b800000|100%| O|  |TAMS 0x000000070b600000| PB 0x000000070b600000| Untracked |  0
|  92|0x000000070b800000, 0x000000070ba00000, 0x000000070ba00000|100%| O|  |TAMS 0x000000070b800000| PB 0x000000070b800000| Untracked |  0
|  93|0x000000070ba00000, 0x000000070bc00000, 0x000000070bc00000|100%| O|  |TAMS 0x000000070ba00000| PB 0x000000070ba00000| Untracked |  0
|  94|0x000000070bc00000, 0x000000070be00000, 0x000000070be00000|100%| O|  |TAMS 0x000000070bc00000| PB 0x000000070bc00000| Untracked |  0
|  95|0x000000070be00000, 0x000000070c000000, 0x000000070c000000|100%| O|  |TAMS 0x000000070be00000| PB 0x000000070be00000| Untracked |  0
|  96|0x000000070c000000, 0x000000070c200000, 0x000000070c200000|100%| O|  |TAMS 0x000000070c000000| PB 0x000000070c000000| Untracked |  0
|  97|0x000000070c200000, 0x000000070c400000, 0x000000070c400000|100%| O|  |TAMS 0x000000070c200000| PB 0x000000070c200000| Untracked |  0
|  98|0x000000070c400000, 0x000000070c600000, 0x000000070c600000|100%| O|  |TAMS 0x000000070c400000| PB 0x000000070c400000| Untracked |  0
|  99|0x000000070c600000, 0x000000070c800000, 0x000000070c800000|100%| O|  |TAMS 0x000000070c600000| PB 0x000000070c600000| Untracked |  0
| 100|0x000000070c800000, 0x000000070ca00000, 0x000000070ca00000|100%| O|Cm|TAMS 0x000000070c800000| PB 0x000000070c800000| Complete |  0
| 101|0x000000070ca00000, 0x000000070ca00000, 0x000000070cc00000|  0%| F|  |TAMS 0x000000070ca00000| PB 0x000000070ca00000| Untracked |  0
| 102|0x000000070cc00000, 0x000000070ce00000, 0x000000070ce00000|100%| O|  |TAMS 0x000000070cc00000| PB 0x000000070cc00000| Untracked |  0
| 103|0x000000070ce00000, 0x000000070d000000, 0x000000070d000000|100%| O|  |TAMS 0x000000070ce00000| PB 0x000000070ce00000| Untracked |  0
| 104|0x000000070d000000, 0x000000070d000000, 0x000000070d200000|  0%| F|  |TAMS 0x000000070d000000| PB 0x000000070d000000| Untracked |  0
| 105|0x000000070d200000, 0x000000070d400000, 0x000000070d400000|100%| O|  |TAMS 0x000000070d200000| PB 0x000000070d200000| Untracked |  0
| 106|0x000000070d400000, 0x000000070d600000, 0x000000070d600000|100%| O|  |TAMS 0x000000070d400000| PB 0x000000070d400000| Untracked |  0
| 107|0x000000070d600000, 0x000000070d800000, 0x000000070d800000|100%| O|  |TAMS 0x000000070d600000| PB 0x000000070d600000| Untracked |  0
| 108|0x000000070d800000, 0x000000070da00000, 0x000000070da00000|100%| O|  |TAMS 0x000000070d800000| PB 0x000000070d800000| Untracked |  0
| 109|0x000000070da00000, 0x000000070dc00000, 0x000000070dc00000|100%| O|  |TAMS 0x000000070da00000| PB 0x000000070da00000| Untracked |  0
| 110|0x000000070dc00000, 0x000000070de00000, 0x000000070de00000|100%| O|  |TAMS 0x000000070dc00000| PB 0x000000070dc00000| Untracked |  0
| 111|0x000000070de00000, 0x000000070de00000, 0x000000070e000000|  0%| F|  |TAMS 0x000000070de00000| PB 0x000000070de00000| Untracked |  0
| 112|0x000000070e000000, 0x000000070e000000, 0x000000070e200000|  0%| F|  |TAMS 0x000000070e000000| PB 0x000000070e000000| Untracked |  0
| 113|0x000000070e200000, 0x000000070e400000, 0x000000070e400000|100%| O|  |TAMS 0x000000070e200000| PB 0x000000070e200000| Untracked |  0
| 114|0x000000070e400000, 0x000000070e600000, 0x000000070e600000|100%| O|  |TAMS 0x000000070e400000| PB 0x000000070e400000| Untracked |  0
| 115|0x000000070e600000, 0x000000070e800000, 0x000000070e800000|100%| O|  |TAMS 0x000000070e600000| PB 0x000000070e600000| Untracked |  0
| 116|0x000000070e800000, 0x000000070ea00000, 0x000000070ea00000|100%| O|  |TAMS 0x000000070e800000| PB 0x000000070e800000| Untracked |  0
| 117|0x000000070ea00000, 0x000000070ec00000, 0x000000070ec00000|100%| O|  |TAMS 0x000000070ea00000| PB 0x000000070ea00000| Untracked |  0
| 118|0x000000070ec00000, 0x000000070ee00000, 0x000000070ee00000|100%| O|  |TAMS 0x000000070ec00000| PB 0x000000070ec00000| Untracked |  0
| 119|0x000000070ee00000, 0x000000070f000000, 0x000000070f000000|100%| O|  |TAMS 0x000000070ee00000| PB 0x000000070ee00000| Untracked |  0
| 120|0x000000070f000000, 0x000000070f200000, 0x000000070f200000|100%| O|Cm|TAMS 0x000000070f000000| PB 0x000000070f000000| Complete |  0
| 121|0x000000070f200000, 0x000000070f200000, 0x000000070f400000|  0%| F|  |TAMS 0x000000070f200000| PB 0x000000070f200000| Untracked |  0
| 122|0x000000070f400000, 0x000000070f600000, 0x000000070f600000|100%| O|  |TAMS 0x000000070f400000| PB 0x000000070f400000| Untracked |  0
| 123|0x000000070f600000, 0x000000070f800000, 0x000000070f800000|100%| O|  |TAMS 0x000000070f600000| PB 0x000000070f600000| Untracked |  0
| 124|0x000000070f800000, 0x000000070fa00000, 0x000000070fa00000|100%| O|  |TAMS 0x000000070f800000| PB 0x000000070f800000| Untracked |  0
| 125|0x000000070fa00000, 0x000000070fc00000, 0x000000070fc00000|100%| O|  |TAMS 0x000000070fa00000| PB 0x000000070fa00000| Untracked |  0
| 126|0x000000070fc00000, 0x000000070fe00000, 0x000000070fe00000|100%| O|Cm|TAMS 0x000000070fc00000| PB 0x000000070fc00000| Complete |  0
| 127|0x000000070fe00000, 0x0000000710000000, 0x0000000710000000|100%| O|  |TAMS 0x000000070fe00000| PB 0x000000070fe00000| Untracked |  0
| 128|0x0000000710000000, 0x0000000710000000, 0x0000000710200000|  0%| F|  |TAMS 0x0000000710000000| PB 0x0000000710000000| Untracked |  0
| 129|0x0000000710200000, 0x0000000710200000, 0x0000000710400000|  0%| F|  |TAMS 0x0000000710200000| PB 0x0000000710200000| Untracked |  0
| 130|0x0000000710400000, 0x0000000710400000, 0x0000000710600000|  0%| F|  |TAMS 0x0000000710400000| PB 0x0000000710400000| Untracked |  0
| 131|0x0000000710600000, 0x0000000710600000, 0x0000000710800000|  0%| F|  |TAMS 0x0000000710600000| PB 0x0000000710600000| Untracked |  0
| 132|0x0000000710800000, 0x0000000710a00000, 0x0000000710a00000|100%| O|  |TAMS 0x0000000710800000| PB 0x0000000710800000| Untracked |  0
| 133|0x0000000710a00000, 0x0000000710a00000, 0x0000000710c00000|  0%| F|  |TAMS 0x0000000710a00000| PB 0x0000000710a00000| Untracked |  0
| 134|0x0000000710c00000, 0x0000000710e00000, 0x0000000710e00000|100%| O|  |TAMS 0x0000000710c00000| PB 0x0000000710c00000| Untracked |  0
| 135|0x0000000710e00000, 0x0000000711000000, 0x0000000711000000|100%| O|  |TAMS 0x0000000710e00000| PB 0x0000000710e00000| Untracked |  0
| 136|0x0000000711000000, 0x0000000711200000, 0x0000000711200000|100%| O|  |TAMS 0x0000000711000000| PB 0x0000000711000000| Untracked |  0
| 137|0x0000000711200000, 0x0000000711400000, 0x0000000711400000|100%| O|  |TAMS 0x0000000711200000| PB 0x0000000711200000| Untracked |  0
| 138|0x0000000711400000, 0x0000000711600000, 0x0000000711600000|100%| O|  |TAMS 0x0000000711400000| PB 0x0000000711400000| Untracked |  0
| 139|0x0000000711600000, 0x0000000711800000, 0x0000000711800000|100%| O|  |TAMS 0x0000000711600000| PB 0x0000000711600000| Untracked |  0
| 140|0x0000000711800000, 0x0000000711a00000, 0x0000000711a00000|100%| O|  |TAMS 0x0000000711800000| PB 0x0000000711800000| Untracked |  0
| 141|0x0000000711a00000, 0x0000000711c00000, 0x0000000711c00000|100%| O|  |TAMS 0x0000000711a00000| PB 0x0000000711a00000| Untracked |  0
| 142|0x0000000711c00000, 0x0000000711e00000, 0x0000000711e00000|100%| O|Cm|TAMS 0x0000000711c00000| PB 0x0000000711c00000| Complete |  0
| 143|0x0000000711e00000, 0x0000000712000000, 0x0000000712000000|100%| O|  |TAMS 0x0000000711e00000| PB 0x0000000711e00000| Untracked |  0
| 144|0x0000000712000000, 0x0000000712200000, 0x0000000712200000|100%| O|  |TAMS 0x0000000712000000| PB 0x0000000712000000| Untracked |  0
| 145|0x0000000712200000, 0x0000000712400000, 0x0000000712400000|100%| O|  |TAMS 0x0000000712200000| PB 0x0000000712200000| Untracked |  0
| 146|0x0000000712400000, 0x0000000712400000, 0x0000000712600000|  0%| F|  |TAMS 0x0000000712400000| PB 0x0000000712400000| Untracked |  0
| 147|0x0000000712600000, 0x0000000712800000, 0x0000000712800000|100%| O|  |TAMS 0x0000000712600000| PB 0x0000000712600000| Untracked |  0
| 148|0x0000000712800000, 0x0000000712a00000, 0x0000000712a00000|100%| O|Cm|TAMS 0x0000000712800000| PB 0x0000000712800000| Complete |  0
| 149|0x0000000712a00000, 0x0000000712c00000, 0x0000000712c00000|100%| O|  |TAMS 0x0000000712a00000| PB 0x0000000712a00000| Untracked |  0
| 150|0x0000000712c00000, 0x0000000712e00000, 0x0000000712e00000|100%| O|  |TAMS 0x0000000712c00000| PB 0x0000000712c00000| Untracked |  0
| 151|0x0000000712e00000, 0x0000000713000000, 0x0000000713000000|100%| O|  |TAMS 0x0000000712e00000| PB 0x0000000712e00000| Untracked |  0
| 152|0x0000000713000000, 0x0000000713200000, 0x0000000713200000|100%| O|  |TAMS 0x0000000713000000| PB 0x0000000713000000| Untracked |  0
| 153|0x0000000713200000, 0x0000000713400000, 0x0000000713400000|100%| O|  |TAMS 0x0000000713200000| PB 0x0000000713200000| Untracked |  0
| 154|0x0000000713400000, 0x0000000713600000, 0x0000000713600000|100%| O|  |TAMS 0x0000000713400000| PB 0x0000000713400000| Untracked |  0
| 155|0x0000000713600000, 0x0000000713800000, 0x0000000713800000|100%| O|  |TAMS 0x0000000713600000| PB 0x0000000713600000| Untracked |  0
| 156|0x0000000713800000, 0x0000000713a00000, 0x0000000713a00000|100%| O|  |TAMS 0x0000000713800000| PB 0x0000000713800000| Untracked |  0
| 157|0x0000000713a00000, 0x0000000713c00000, 0x0000000713c00000|100%| O|  |TAMS 0x0000000713a00000| PB 0x0000000713a00000| Untracked |  0
| 158|0x0000000713c00000, 0x0000000713e00000, 0x0000000713e00000|100%| O|  |TAMS 0x0000000713c00000| PB 0x0000000713c00000| Untracked |  0
| 159|0x0000000713e00000, 0x0000000714000000, 0x0000000714000000|100%| O|  |TAMS 0x0000000713e00000| PB 0x0000000713e00000| Untracked |  0
| 160|0x0000000714000000, 0x0000000714200000, 0x0000000714200000|100%| O|  |TAMS 0x0000000714000000| PB 0x0000000714000000| Untracked |  0
| 161|0x0000000714200000, 0x0000000714400000, 0x0000000714400000|100%| O|  |TAMS 0x0000000714200000| PB 0x0000000714200000| Untracked |  0
| 162|0x0000000714400000, 0x0000000714600000, 0x0000000714600000|100%| O|  |TAMS 0x0000000714400000| PB 0x0000000714400000| Untracked |  0
| 163|0x0000000714600000, 0x0000000714800000, 0x0000000714800000|100%| O|  |TAMS 0x0000000714600000| PB 0x0000000714600000| Untracked |  0
| 164|0x0000000714800000, 0x0000000714a00000, 0x0000000714a00000|100%| O|  |TAMS 0x0000000714800000| PB 0x0000000714800000| Untracked |  0
| 165|0x0000000714a00000, 0x0000000714c00000, 0x0000000714c00000|100%| O|  |TAMS 0x0000000714a00000| PB 0x0000000714a00000| Untracked |  0
| 166|0x0000000714c00000, 0x0000000714e00000, 0x0000000714e00000|100%| O|Cm|TAMS 0x0000000714c00000| PB 0x0000000714c00000| Complete |  0
| 167|0x0000000714e00000, 0x0000000715000000, 0x0000000715000000|100%| O|  |TAMS 0x0000000714e00000| PB 0x0000000714e00000| Untracked |  0
| 168|0x0000000715000000, 0x0000000715200000, 0x0000000715200000|100%| O|  |TAMS 0x0000000715000000| PB 0x0000000715000000| Untracked |  0
| 169|0x0000000715200000, 0x0000000715400000, 0x0000000715400000|100%| O|  |TAMS 0x0000000715200000| PB 0x0000000715200000| Untracked |  0
| 170|0x0000000715400000, 0x0000000715600000, 0x0000000715600000|100%| O|  |TAMS 0x0000000715400000| PB 0x0000000715400000| Untracked |  0
| 171|0x0000000715600000, 0x0000000715600000, 0x0000000715800000|  0%| F|  |TAMS 0x0000000715600000| PB 0x0000000715600000| Untracked |  0
| 172|0x0000000715800000, 0x0000000715a00000, 0x0000000715a00000|100%| O|  |TAMS 0x0000000715800000| PB 0x0000000715800000| Untracked |  0
| 173|0x0000000715a00000, 0x0000000715c00000, 0x0000000715c00000|100%| O|  |TAMS 0x0000000715a00000| PB 0x0000000715a00000| Untracked |  0
| 174|0x0000000715c00000, 0x0000000715c00000, 0x0000000715e00000|  0%| F|  |TAMS 0x0000000715c00000| PB 0x0000000715c00000| Untracked |  0
| 175|0x0000000715e00000, 0x0000000716000000, 0x0000000716000000|100%| O|  |TAMS 0x0000000715e00000| PB 0x0000000715e00000| Untracked |  0
| 176|0x0000000716000000, 0x0000000716000000, 0x0000000716200000|  0%| F|  |TAMS 0x0000000716000000| PB 0x0000000716000000| Untracked |  0
| 177|0x0000000716200000, 0x0000000716200000, 0x0000000716400000|  0%| F|  |TAMS 0x0000000716200000| PB 0x0000000716200000| Untracked |  0
| 178|0x0000000716400000, 0x0000000716600000, 0x0000000716600000|100%| O|Cm|TAMS 0x0000000716400000| PB 0x0000000716400000| Complete |  0
| 179|0x0000000716600000, 0x0000000716600000, 0x0000000716800000|  0%| F|  |TAMS 0x0000000716600000| PB 0x0000000716600000| Untracked |  0
| 180|0x0000000716800000, 0x0000000716a00000, 0x0000000716a00000|100%| O|  |TAMS 0x0000000716800000| PB 0x0000000716800000| Untracked |  0
| 181|0x0000000716a00000, 0x0000000716c00000, 0x0000000716c00000|100%| O|  |TAMS 0x0000000716a00000| PB 0x0000000716a00000| Untracked |  0
| 182|0x0000000716c00000, 0x0000000716e00000, 0x0000000716e00000|100%| O|  |TAMS 0x0000000716c00000| PB 0x0000000716c00000| Untracked |  0
| 183|0x0000000716e00000, 0x0000000717000000, 0x0000000717000000|100%| O|  |TAMS 0x0000000716e00000| PB 0x0000000716e00000| Untracked |  0
| 184|0x0000000717000000, 0x0000000717200000, 0x0000000717200000|100%| O|  |TAMS 0x0000000717000000| PB 0x0000000717000000| Untracked |  0
| 185|0x0000000717200000, 0x0000000717400000, 0x0000000717400000|100%| O|  |TAMS 0x0000000717200000| PB 0x0000000717200000| Untracked |  0
| 186|0x0000000717400000, 0x0000000717600000, 0x0000000717600000|100%| O|  |TAMS 0x0000000717400000| PB 0x0000000717400000| Untracked |  0
| 187|0x0000000717600000, 0x0000000717600000, 0x0000000717800000|  0%| F|  |TAMS 0x0000000717600000| PB 0x0000000717600000| Untracked |  0
| 188|0x0000000717800000, 0x0000000717a00000, 0x0000000717a00000|100%| O|  |TAMS 0x0000000717800000| PB 0x0000000717800000| Untracked |  0
| 189|0x0000000717a00000, 0x0000000717c00000, 0x0000000717c00000|100%| O|Cm|TAMS 0x0000000717a00000| PB 0x0000000717a00000| Complete |  0
| 190|0x0000000717c00000, 0x0000000717e00000, 0x0000000717e00000|100%| O|  |TAMS 0x0000000717c00000| PB 0x0000000717c00000| Untracked |  0
| 191|0x0000000717e00000, 0x0000000718000000, 0x0000000718000000|100%| O|Cm|TAMS 0x0000000717e00000| PB 0x0000000717e00000| Complete |  0
| 192|0x0000000718000000, 0x0000000718000000, 0x0000000718200000|  0%| F|  |TAMS 0x0000000718000000| PB 0x0000000718000000| Untracked |  0
| 193|0x0000000718200000, 0x0000000718200000, 0x0000000718400000|  0%| F|  |TAMS 0x0000000718200000| PB 0x0000000718200000| Untracked |  0
| 194|0x0000000718400000, 0x0000000718600000, 0x0000000718600000|100%| O|  |TAMS 0x0000000718400000| PB 0x0000000718400000| Untracked |  0
| 195|0x0000000718600000, 0x0000000718800000, 0x0000000718800000|100%| O|  |TAMS 0x0000000718600000| PB 0x0000000718600000| Untracked |  0
| 196|0x0000000718800000, 0x0000000718a00000, 0x0000000718a00000|100%| O|  |TAMS 0x0000000718800000| PB 0x0000000718800000| Untracked |  0
| 197|0x0000000718a00000, 0x0000000718c00000, 0x0000000718c00000|100%| O|  |TAMS 0x0000000718a00000| PB 0x0000000718a00000| Untracked |  0
| 198|0x0000000718c00000, 0x0000000718e00000, 0x0000000718e00000|100%| O|  |TAMS 0x0000000718c00000| PB 0x0000000718c00000| Untracked |  0
| 199|0x0000000718e00000, 0x0000000719000000, 0x0000000719000000|100%| O|  |TAMS 0x0000000718e00000| PB 0x0000000718e00000| Untracked |  0
| 200|0x0000000719000000, 0x0000000719200000, 0x0000000719200000|100%| O|  |TAMS 0x0000000719000000| PB 0x0000000719000000| Untracked |  0
| 201|0x0000000719200000, 0x0000000719400000, 0x0000000719400000|100%| O|  |TAMS 0x0000000719200000| PB 0x0000000719200000| Untracked |  0
| 202|0x0000000719400000, 0x0000000719600000, 0x0000000719600000|100%| O|  |TAMS 0x0000000719400000| PB 0x0000000719400000| Untracked |  0
| 203|0x0000000719600000, 0x0000000719800000, 0x0000000719800000|100%| O|  |TAMS 0x0000000719600000| PB 0x0000000719600000| Untracked |  0
| 204|0x0000000719800000, 0x0000000719a00000, 0x0000000719a00000|100%| O|  |TAMS 0x0000000719800000| PB 0x0000000719800000| Untracked |  0
| 205|0x0000000719a00000, 0x0000000719c00000, 0x0000000719c00000|100%| O|  |TAMS 0x0000000719a00000| PB 0x0000000719a00000| Untracked |  0
| 206|0x0000000719c00000, 0x0000000719e00000, 0x0000000719e00000|100%| O|  |TAMS 0x0000000719c00000| PB 0x0000000719c00000| Untracked |  0
| 207|0x0000000719e00000, 0x0000000719e00000, 0x000000071a000000|  0%| F|  |TAMS 0x0000000719e00000| PB 0x0000000719e00000| Untracked |  0
| 208|0x000000071a000000, 0x000000071a000000, 0x000000071a200000|  0%| F|  |TAMS 0x000000071a000000| PB 0x000000071a000000| Untracked |  0
| 209|0x000000071a200000, 0x000000071a200000, 0x000000071a400000|  0%| F|  |TAMS 0x000000071a200000| PB 0x000000071a200000| Untracked |  0
| 210|0x000000071a400000, 0x000000071a600000, 0x000000071a600000|100%| O|  |TAMS 0x000000071a400000| PB 0x000000071a400000| Untracked |  0
| 211|0x000000071a600000, 0x000000071a800000, 0x000000071a800000|100%| O|Cm|TAMS 0x000000071a600000| PB 0x000000071a600000| Complete |  0
| 212|0x000000071a800000, 0x000000071aa00000, 0x000000071aa00000|100%| O|  |TAMS 0x000000071a800000| PB 0x000000071a800000| Untracked |  0
| 213|0x000000071aa00000, 0x000000071ac00000, 0x000000071ac00000|100%| O|Cm|TAMS 0x000000071aa00000| PB 0x000000071aa00000| Complete |  0
| 214|0x000000071ac00000, 0x000000071ae00000, 0x000000071ae00000|100%| O|Cm|TAMS 0x000000071ac00000| PB 0x000000071ac00000| Complete |  0
| 215|0x000000071ae00000, 0x000000071b000000, 0x000000071b000000|100%| O|  |TAMS 0x000000071ae00000| PB 0x000000071ae00000| Untracked |  0
| 216|0x000000071b000000, 0x000000071b000000, 0x000000071b200000|  0%| F|  |TAMS 0x000000071b000000| PB 0x000000071b000000| Untracked |  0
| 217|0x000000071b200000, 0x000000071b400000, 0x000000071b400000|100%| O|  |TAMS 0x000000071b200000| PB 0x000000071b200000| Untracked |  0
| 218|0x000000071b400000, 0x000000071b600000, 0x000000071b600000|100%| O|Cm|TAMS 0x000000071b400000| PB 0x000000071b400000| Complete |  0
| 219|0x000000071b600000, 0x000000071b800000, 0x000000071b800000|100%| O|  |TAMS 0x000000071b600000| PB 0x000000071b600000| Untracked |  0
| 220|0x000000071b800000, 0x000000071b800000, 0x000000071ba00000|  0%| F|  |TAMS 0x000000071b800000| PB 0x000000071b800000| Untracked |  0
| 221|0x000000071ba00000, 0x000000071bc00000, 0x000000071bc00000|100%| O|  |TAMS 0x000000071ba00000| PB 0x000000071ba00000| Untracked |  0
| 222|0x000000071bc00000, 0x000000071be00000, 0x000000071be00000|100%| O|Cm|TAMS 0x000000071bc00000| PB 0x000000071bc00000| Complete |  0
| 223|0x000000071be00000, 0x000000071c000000, 0x000000071c000000|100%| O|  |TAMS 0x000000071be00000| PB 0x000000071be00000| Untracked |  0
| 224|0x000000071c000000, 0x000000071c200000, 0x000000071c200000|100%| O|  |TAMS 0x000000071c000000| PB 0x000000071c000000| Untracked |  0
| 225|0x000000071c200000, 0x000000071c400000, 0x000000071c400000|100%| O|Cm|TAMS 0x000000071c200000| PB 0x000000071c200000| Complete |  0
| 226|0x000000071c400000, 0x000000071c600000, 0x000000071c600000|100%| O|  |TAMS 0x000000071c400000| PB 0x000000071c400000| Untracked |  0
| 227|0x000000071c600000, 0x000000071c800000, 0x000000071c800000|100%| O|  |TAMS 0x000000071c600000| PB 0x000000071c600000| Untracked |  0
| 228|0x000000071c800000, 0x000000071c800000, 0x000000071ca00000|  0%| F|  |TAMS 0x000000071c800000| PB 0x000000071c800000| Untracked |  0
| 229|0x000000071ca00000, 0x000000071ca00000, 0x000000071cc00000|  0%| F|  |TAMS 0x000000071ca00000| PB 0x000000071ca00000| Untracked |  0
| 230|0x000000071cc00000, 0x000000071cc00000, 0x000000071ce00000|  0%| F|  |TAMS 0x000000071cc00000| PB 0x000000071cc00000| Untracked |  0
| 231|0x000000071ce00000, 0x000000071d000000, 0x000000071d000000|100%| O|  |TAMS 0x000000071ce00000| PB 0x000000071ce00000| Untracked |  0
| 232|0x000000071d000000, 0x000000071d200000, 0x000000071d200000|100%| O|  |TAMS 0x000000071d000000| PB 0x000000071d000000| Untracked |  0
| 233|0x000000071d200000, 0x000000071d400000, 0x000000071d400000|100%| O|Cm|TAMS 0x000000071d200000| PB 0x000000071d200000| Complete |  0
| 234|0x000000071d400000, 0x000000071d600000, 0x000000071d600000|100%| O|Cm|TAMS 0x000000071d400000| PB 0x000000071d400000| Complete |  0
| 235|0x000000071d600000, 0x000000071d600000, 0x000000071d800000|  0%| F|  |TAMS 0x000000071d600000| PB 0x000000071d600000| Untracked |  0
| 236|0x000000071d800000, 0x000000071d800000, 0x000000071da00000|  0%| F|  |TAMS 0x000000071d800000| PB 0x000000071d800000| Untracked |  0
| 237|0x000000071da00000, 0x000000071da00000, 0x000000071dc00000|  0%| F|  |TAMS 0x000000071da00000| PB 0x000000071da00000| Untracked |  0
| 238|0x000000071dc00000, 0x000000071de00000, 0x000000071de00000|100%| O|Cm|TAMS 0x000000071dc00000| PB 0x000000071dc00000| Complete |  0
| 239|0x000000071de00000, 0x000000071e000000, 0x000000071e000000|100%| O|  |TAMS 0x000000071de00000| PB 0x000000071de00000| Untracked |  0
| 240|0x000000071e000000, 0x000000071e200000, 0x000000071e200000|100%| O|  |TAMS 0x000000071e000000| PB 0x000000071e000000| Untracked |  0
| 241|0x000000071e200000, 0x000000071e400000, 0x000000071e400000|100%| O|  |TAMS 0x000000071e200000| PB 0x000000071e200000| Untracked |  0
| 242|0x000000071e400000, 0x000000071e600000, 0x000000071e600000|100%| O|  |TAMS 0x000000071e400000| PB 0x000000071e400000| Untracked |  0
| 243|0x000000071e600000, 0x000000071e800000, 0x000000071e800000|100%| O|  |TAMS 0x000000071e600000| PB 0x000000071e600000| Untracked |  0
| 244|0x000000071e800000, 0x000000071ea00000, 0x000000071ea00000|100%| O|  |TAMS 0x000000071e800000| PB 0x000000071e800000| Untracked |  0
| 245|0x000000071ea00000, 0x000000071ec00000, 0x000000071ec00000|100%| O|  |TAMS 0x000000071ea00000| PB 0x000000071ea00000| Untracked |  0
| 246|0x000000071ec00000, 0x000000071ee00000, 0x000000071ee00000|100%| O|  |TAMS 0x000000071ec00000| PB 0x000000071ec00000| Untracked |  0
| 247|0x000000071ee00000, 0x000000071f000000, 0x000000071f000000|100%| O|  |TAMS 0x000000071ee00000| PB 0x000000071ee00000| Untracked |  0
| 248|0x000000071f000000, 0x000000071f200000, 0x000000071f200000|100%| O|  |TAMS 0x000000071f000000| PB 0x000000071f000000| Untracked |  0
| 249|0x000000071f200000, 0x000000071f400000, 0x000000071f400000|100%| O|  |TAMS 0x000000071f200000| PB 0x000000071f200000| Untracked |  0
| 250|0x000000071f400000, 0x000000071f600000, 0x000000071f600000|100%| O|  |TAMS 0x000000071f400000| PB 0x000000071f400000| Untracked |  0
| 251|0x000000071f600000, 0x000000071f800000, 0x000000071f800000|100%| O|  |TAMS 0x000000071f600000| PB 0x000000071f600000| Untracked |  0
| 252|0x000000071f800000, 0x000000071fa00000, 0x000000071fa00000|100%| O|  |TAMS 0x000000071f800000| PB 0x000000071f800000| Untracked |  0
| 253|0x000000071fa00000, 0x000000071fc00000, 0x000000071fc00000|100%| O|  |TAMS 0x000000071fa00000| PB 0x000000071fa00000| Untracked |  0
| 254|0x000000071fc00000, 0x000000071fe00000, 0x000000071fe00000|100%| O|  |TAMS 0x000000071fc00000| PB 0x000000071fc00000| Untracked |  0
| 255|0x000000071fe00000, 0x0000000720000000, 0x0000000720000000|100%| O|  |TAMS 0x000000071fe00000| PB 0x000000071fe00000| Untracked |  0
| 256|0x0000000720000000, 0x0000000720200000, 0x0000000720200000|100%| O|  |TAMS 0x0000000720000000| PB 0x0000000720000000| Untracked |  0
| 257|0x0000000720200000, 0x0000000720400000, 0x0000000720400000|100%| O|  |TAMS 0x0000000720200000| PB 0x0000000720200000| Untracked |  0
| 258|0x0000000720400000, 0x0000000720600000, 0x0000000720600000|100%| O|  |TAMS 0x0000000720400000| PB 0x0000000720400000| Untracked |  0
| 259|0x0000000720600000, 0x0000000720800000, 0x0000000720800000|100%| O|  |TAMS 0x0000000720600000| PB 0x0000000720600000| Untracked |  0
| 260|0x0000000720800000, 0x0000000720a00000, 0x0000000720a00000|100%| O|  |TAMS 0x0000000720800000| PB 0x0000000720800000| Untracked |  0
| 261|0x0000000720a00000, 0x0000000720c00000, 0x0000000720c00000|100%| O|  |TAMS 0x0000000720a00000| PB 0x0000000720a00000| Untracked |  0
| 262|0x0000000720c00000, 0x0000000720ce2740, 0x0000000720e00000| 44%| O|  |TAMS 0x0000000720c00000| PB 0x0000000720c00000| Untracked |  0
| 263|0x0000000720e00000, 0x0000000720e00000, 0x0000000721000000|  0%| F|  |TAMS 0x0000000720e00000| PB 0x0000000720e00000| Untracked |  0
| 264|0x0000000721000000, 0x0000000721000000, 0x0000000721200000|  0%| F|  |TAMS 0x0000000721000000| PB 0x0000000721000000| Untracked |  0
| 265|0x0000000721200000, 0x0000000721200000, 0x0000000721400000|  0%| F|  |TAMS 0x0000000721200000| PB 0x0000000721200000| Untracked |  0
| 266|0x0000000721400000, 0x0000000721400000, 0x0000000721600000|  0%| F|  |TAMS 0x0000000721400000| PB 0x0000000721400000| Untracked |  0
| 267|0x0000000721600000, 0x0000000721600000, 0x0000000721800000|  0%| F|  |TAMS 0x0000000721600000| PB 0x0000000721600000| Untracked |  0
| 268|0x0000000721800000, 0x0000000721800000, 0x0000000721a00000|  0%| F|  |TAMS 0x0000000721800000| PB 0x0000000721800000| Untracked |  0
| 269|0x0000000721a00000, 0x0000000721a00000, 0x0000000721c00000|  0%| F|  |TAMS 0x0000000721a00000| PB 0x0000000721a00000| Untracked |  0
| 270|0x0000000721c00000, 0x0000000721c00000, 0x0000000721e00000|  0%| F|  |TAMS 0x0000000721c00000| PB 0x0000000721c00000| Untracked |  0
| 271|0x0000000721e00000, 0x0000000721e00000, 0x0000000722000000|  0%| F|  |TAMS 0x0000000721e00000| PB 0x0000000721e00000| Untracked |  0
| 272|0x0000000722000000, 0x0000000722000000, 0x0000000722200000|  0%| F|  |TAMS 0x0000000722000000| PB 0x0000000722000000| Untracked |  0
| 273|0x0000000722200000, 0x0000000722200000, 0x0000000722400000|  0%| F|  |TAMS 0x0000000722200000| PB 0x0000000722200000| Untracked |  0
| 274|0x0000000722400000, 0x0000000722400000, 0x0000000722600000|  0%| F|  |TAMS 0x0000000722400000| PB 0x0000000722400000| Untracked |  0
| 275|0x0000000722600000, 0x0000000722600000, 0x0000000722800000|  0%| F|  |TAMS 0x0000000722600000| PB 0x0000000722600000| Untracked |  0
| 276|0x0000000722800000, 0x0000000722800000, 0x0000000722a00000|  0%| F|  |TAMS 0x0000000722800000| PB 0x0000000722800000| Untracked |  0
| 277|0x0000000722a00000, 0x0000000722a00000, 0x0000000722c00000|  0%| F|  |TAMS 0x0000000722a00000| PB 0x0000000722a00000| Untracked |  0
| 278|0x0000000722c00000, 0x0000000722c00000, 0x0000000722e00000|  0%| F|  |TAMS 0x0000000722c00000| PB 0x0000000722c00000| Untracked |  0
| 279|0x0000000722e00000, 0x0000000722e00000, 0x0000000723000000|  0%| F|  |TAMS 0x0000000722e00000| PB 0x0000000722e00000| Untracked |  0
| 280|0x0000000723000000, 0x0000000723000000, 0x0000000723200000|  0%| F|  |TAMS 0x0000000723000000| PB 0x0000000723000000| Untracked |  0
| 281|0x0000000723200000, 0x0000000723200000, 0x0000000723400000|  0%| F|  |TAMS 0x0000000723200000| PB 0x0000000723200000| Untracked |  0
| 282|0x0000000723400000, 0x0000000723400000, 0x0000000723600000|  0%| F|  |TAMS 0x0000000723400000| PB 0x0000000723400000| Untracked |  0
| 283|0x0000000723600000, 0x0000000723600000, 0x0000000723800000|  0%| F|  |TAMS 0x0000000723600000| PB 0x0000000723600000| Untracked |  0
| 284|0x0000000723800000, 0x0000000723800000, 0x0000000723a00000|  0%| F|  |TAMS 0x0000000723800000| PB 0x0000000723800000| Untracked |  0
| 285|0x0000000723a00000, 0x0000000723a00000, 0x0000000723c00000|  0%| F|  |TAMS 0x0000000723a00000| PB 0x0000000723a00000| Untracked |  0
| 286|0x0000000723c00000, 0x0000000723c00000, 0x0000000723e00000|  0%| F|  |TAMS 0x0000000723c00000| PB 0x0000000723c00000| Untracked |  0
| 287|0x0000000723e00000, 0x0000000723e00000, 0x0000000724000000|  0%| F|  |TAMS 0x0000000723e00000| PB 0x0000000723e00000| Untracked |  0
| 288|0x0000000724000000, 0x0000000724000000, 0x0000000724200000|  0%| F|  |TAMS 0x0000000724000000| PB 0x0000000724000000| Untracked |  0
| 289|0x0000000724200000, 0x0000000724200000, 0x0000000724400000|  0%| F|  |TAMS 0x0000000724200000| PB 0x0000000724200000| Untracked |  0
| 290|0x0000000724400000, 0x00000007245d36a0, 0x0000000724600000| 91%| S|CS|TAMS 0x0000000724400000| PB 0x0000000724400000| Complete |  0
| 291|0x0000000724600000, 0x0000000724800000, 0x0000000724800000|100%| S|CS|TAMS 0x0000000724600000| PB 0x0000000724600000| Complete |  0
| 292|0x0000000724800000, 0x0000000724a00000, 0x0000000724a00000|100%| S|CS|TAMS 0x0000000724800000| PB 0x0000000724800000| Complete |  0
| 293|0x0000000724a00000, 0x0000000724c00000, 0x0000000724c00000|100%| S|CS|TAMS 0x0000000724a00000| PB 0x0000000724a00000| Complete |  0
| 294|0x0000000724c00000, 0x0000000724e00000, 0x0000000724e00000|100%| S|CS|TAMS 0x0000000724c00000| PB 0x0000000724c00000| Complete |  0
| 295|0x0000000724e00000, 0x0000000725000000, 0x0000000725000000|100%| S|CS|TAMS 0x0000000724e00000| PB 0x0000000724e00000| Complete |  0
| 296|0x0000000725000000, 0x0000000725200000, 0x0000000725200000|100%| S|CS|TAMS 0x0000000725000000| PB 0x0000000725000000| Complete |  0
| 297|0x0000000725200000, 0x0000000725400000, 0x0000000725400000|100%| S|CS|TAMS 0x0000000725200000| PB 0x0000000725200000| Complete |  0
| 298|0x0000000725400000, 0x0000000725400000, 0x0000000725600000|  0%| F|  |TAMS 0x0000000725400000| PB 0x0000000725400000| Untracked |  0
| 299|0x0000000725600000, 0x0000000725600000, 0x0000000725800000|  0%| F|  |TAMS 0x0000000725600000| PB 0x0000000725600000| Untracked |  0
| 300|0x0000000725800000, 0x0000000725800000, 0x0000000725a00000|  0%| F|  |TAMS 0x0000000725800000| PB 0x0000000725800000| Untracked |  0
| 301|0x0000000725a00000, 0x0000000725a00000, 0x0000000725c00000|  0%| F|  |TAMS 0x0000000725a00000| PB 0x0000000725a00000| Untracked |  0
| 302|0x0000000725c00000, 0x0000000725c00000, 0x0000000725e00000|  0%| F|  |TAMS 0x0000000725c00000| PB 0x0000000725c00000| Untracked |  0
| 303|0x0000000725e00000, 0x0000000725e00000, 0x0000000726000000|  0%| F|  |TAMS 0x0000000725e00000| PB 0x0000000725e00000| Untracked |  0
| 304|0x0000000726000000, 0x0000000726000000, 0x0000000726200000|  0%| F|  |TAMS 0x0000000726000000| PB 0x0000000726000000| Untracked |  0
| 305|0x0000000726200000, 0x0000000726200000, 0x0000000726400000|  0%| F|  |TAMS 0x0000000726200000| PB 0x0000000726200000| Untracked |  0
| 306|0x0000000726400000, 0x0000000726400000, 0x0000000726600000|  0%| F|  |TAMS 0x0000000726400000| PB 0x0000000726400000| Untracked |  0
| 307|0x0000000726600000, 0x0000000726600000, 0x0000000726800000|  0%| F|  |TAMS 0x0000000726600000| PB 0x0000000726600000| Untracked |  0
| 308|0x0000000726800000, 0x0000000726800000, 0x0000000726a00000|  0%| F|  |TAMS 0x0000000726800000| PB 0x0000000726800000| Untracked |  0
| 309|0x0000000726a00000, 0x0000000726a00000, 0x0000000726c00000|  0%| F|  |TAMS 0x0000000726a00000| PB 0x0000000726a00000| Untracked |  0
| 310|0x0000000726c00000, 0x0000000726c00000, 0x0000000726e00000|  0%| F|  |TAMS 0x0000000726c00000| PB 0x0000000726c00000| Untracked |  0
| 311|0x0000000726e00000, 0x0000000726e00000, 0x0000000727000000|  0%| F|  |TAMS 0x0000000726e00000| PB 0x0000000726e00000| Untracked |  0
| 312|0x0000000727000000, 0x0000000727000000, 0x0000000727200000|  0%| F|  |TAMS 0x0000000727000000| PB 0x0000000727000000| Untracked |  0
| 313|0x0000000727200000, 0x0000000727200000, 0x0000000727400000|  0%| F|  |TAMS 0x0000000727200000| PB 0x0000000727200000| Untracked |  0
| 314|0x0000000727400000, 0x0000000727400000, 0x0000000727600000|  0%| F|  |TAMS 0x0000000727400000| PB 0x0000000727400000| Untracked |  0
| 315|0x0000000727600000, 0x0000000727600000, 0x0000000727800000|  0%| F|  |TAMS 0x0000000727600000| PB 0x0000000727600000| Untracked |  0
| 316|0x0000000727800000, 0x0000000727800000, 0x0000000727a00000|  0%| F|  |TAMS 0x0000000727800000| PB 0x0000000727800000| Untracked |  0
| 317|0x0000000727a00000, 0x0000000727a00000, 0x0000000727c00000|  0%| F|  |TAMS 0x0000000727a00000| PB 0x0000000727a00000| Untracked |  0
| 318|0x0000000727c00000, 0x0000000727c00000, 0x0000000727e00000|  0%| F|  |TAMS 0x0000000727c00000| PB 0x0000000727c00000| Untracked |  0
| 319|0x0000000727e00000, 0x0000000727e00000, 0x0000000728000000|  0%| F|  |TAMS 0x0000000727e00000| PB 0x0000000727e00000| Untracked |  0
| 320|0x0000000728000000, 0x0000000728000000, 0x0000000728200000|  0%| F|  |TAMS 0x0000000728000000| PB 0x0000000728000000| Untracked |  0
| 321|0x0000000728200000, 0x0000000728200000, 0x0000000728400000|  0%| F|  |TAMS 0x0000000728200000| PB 0x0000000728200000| Untracked |  0
| 322|0x0000000728400000, 0x0000000728400000, 0x0000000728600000|  0%| F|  |TAMS 0x0000000728400000| PB 0x0000000728400000| Untracked |  0
| 323|0x0000000728600000, 0x0000000728600000, 0x0000000728800000|  0%| F|  |TAMS 0x0000000728600000| PB 0x0000000728600000| Untracked |  0
| 324|0x0000000728800000, 0x0000000728800000, 0x0000000728a00000|  0%| F|  |TAMS 0x0000000728800000| PB 0x0000000728800000| Untracked |  0
| 325|0x0000000728a00000, 0x0000000728a00000, 0x0000000728c00000|  0%| F|  |TAMS 0x0000000728a00000| PB 0x0000000728a00000| Untracked |  0
| 326|0x0000000728c00000, 0x0000000728c00000, 0x0000000728e00000|  0%| F|  |TAMS 0x0000000728c00000| PB 0x0000000728c00000| Untracked |  0
| 327|0x0000000728e00000, 0x0000000728e00000, 0x0000000729000000|  0%| F|  |TAMS 0x0000000728e00000| PB 0x0000000728e00000| Untracked |  0
| 328|0x0000000729000000, 0x0000000729000000, 0x0000000729200000|  0%| F|  |TAMS 0x0000000729000000| PB 0x0000000729000000| Untracked |  0
| 329|0x0000000729200000, 0x0000000729200000, 0x0000000729400000|  0%| F|  |TAMS 0x0000000729200000| PB 0x0000000729200000| Untracked |  0
| 330|0x0000000729400000, 0x0000000729400000, 0x0000000729600000|  0%| F|  |TAMS 0x0000000729400000| PB 0x0000000729400000| Untracked |  0
| 331|0x0000000729600000, 0x0000000729600000, 0x0000000729800000|  0%| F|  |TAMS 0x0000000729600000| PB 0x0000000729600000| Untracked |  0
| 332|0x0000000729800000, 0x0000000729800000, 0x0000000729a00000|  0%| F|  |TAMS 0x0000000729800000| PB 0x0000000729800000| Untracked |  0
| 333|0x0000000729a00000, 0x0000000729a00000, 0x0000000729c00000|  0%| F|  |TAMS 0x0000000729a00000| PB 0x0000000729a00000| Untracked |  0
| 334|0x0000000729c00000, 0x0000000729c00000, 0x0000000729e00000|  0%| F|  |TAMS 0x0000000729c00000| PB 0x0000000729c00000| Untracked |  0
| 335|0x0000000729e00000, 0x0000000729e00000, 0x000000072a000000|  0%| F|  |TAMS 0x0000000729e00000| PB 0x0000000729e00000| Untracked |  0
| 336|0x000000072a000000, 0x000000072a000000, 0x000000072a200000|  0%| F|  |TAMS 0x000000072a000000| PB 0x000000072a000000| Untracked |  0
| 337|0x000000072a200000, 0x000000072a200000, 0x000000072a400000|  0%| F|  |TAMS 0x000000072a200000| PB 0x000000072a200000| Untracked |  0
| 338|0x000000072a400000, 0x000000072a400000, 0x000000072a600000|  0%| F|  |TAMS 0x000000072a400000| PB 0x000000072a400000| Untracked |  0
| 339|0x000000072a600000, 0x000000072a600000, 0x000000072a800000|  0%| F|  |TAMS 0x000000072a600000| PB 0x000000072a600000| Untracked |  0
| 340|0x000000072a800000, 0x000000072a800000, 0x000000072aa00000|  0%| F|  |TAMS 0x000000072a800000| PB 0x000000072a800000| Untracked |  0
| 341|0x000000072aa00000, 0x000000072aa00000, 0x000000072ac00000|  0%| F|  |TAMS 0x000000072aa00000| PB 0x000000072aa00000| Untracked |  0
| 342|0x000000072ac00000, 0x000000072ac00000, 0x000000072ae00000|  0%| F|  |TAMS 0x000000072ac00000| PB 0x000000072ac00000| Untracked |  0
| 343|0x000000072ae00000, 0x000000072ae00000, 0x000000072b000000|  0%| F|  |TAMS 0x000000072ae00000| PB 0x000000072ae00000| Untracked |  0
| 344|0x000000072b000000, 0x000000072b000000, 0x000000072b200000|  0%| F|  |TAMS 0x000000072b000000| PB 0x000000072b000000| Untracked |  0
| 345|0x000000072b200000, 0x000000072b200000, 0x000000072b400000|  0%| F|  |TAMS 0x000000072b200000| PB 0x000000072b200000| Untracked |  0
|2035|0x00000007fe600000, 0x00000007fe600000, 0x00000007fe800000|  0%| F|  |TAMS 0x00000007fe600000| PB 0x00000007fe600000| Untracked |  0
|2036|0x00000007fe800000, 0x00000007fe800000, 0x00000007fea00000|  0%| F|  |TAMS 0x00000007fe800000| PB 0x00000007fe800000| Untracked |  0
|2037|0x00000007fea00000, 0x00000007fec00000, 0x00000007fec00000|100%| O|  |TAMS 0x00000007fea00000| PB 0x00000007fea00000| Untracked |  0
|2038|0x00000007fec00000, 0x00000007fee00000, 0x00000007fee00000|100%| O|  |TAMS 0x00000007fec00000| PB 0x00000007fec00000| Untracked |  0
|2039|0x00000007fee00000, 0x00000007ff000000, 0x00000007ff000000|100%| O|  |TAMS 0x00000007fee00000| PB 0x00000007fee00000| Untracked |  0
|2040|0x00000007ff000000, 0x00000007ff000000, 0x00000007ff200000|  0%| F|  |TAMS 0x00000007ff000000| PB 0x00000007ff000000| Untracked |  0
|2041|0x00000007ff200000, 0x00000007ff200000, 0x00000007ff400000|  0%| F|  |TAMS 0x00000007ff200000| PB 0x00000007ff200000| Untracked |  0
|2042|0x00000007ff400000, 0x00000007ff600000, 0x00000007ff600000|100%| O|  |TAMS 0x00000007ff400000| PB 0x00000007ff400000| Untracked |  0
|2043|0x00000007ff600000, 0x00000007ff800000, 0x00000007ff800000|100%| O|  |TAMS 0x00000007ff600000| PB 0x00000007ff600000| Untracked |  0
|2044|0x00000007ff800000, 0x00000007ff800000, 0x00000007ffa00000|  0%| F|  |TAMS 0x00000007ff800000| PB 0x00000007ff800000| Untracked |  0
|2045|0x00000007ffa00000, 0x00000007ffc00000, 0x00000007ffc00000|100%| O|  |TAMS 0x00000007ffa00000| PB 0x00000007ffa00000| Untracked |  0
|2046|0x00000007ffc00000, 0x00000007ffc00000, 0x00000007ffe00000|  0%| F|  |TAMS 0x00000007ffc00000| PB 0x00000007ffc00000| Untracked |  0
|2047|0x00000007ffe00000, 0x00000007ffe00000, 0x0000000800000000|  0%| F|  |TAMS 0x00000007ffe00000| PB 0x00000007ffe00000| Untracked |  0

Card table byte_map: [0x000001507bd00000,0x000001507c500000] _byte_map_base: 0x0000015078500000

Marking Bits: (CMBitMap*) 0x0000015072639880
 Bits: [0x000001500f020000, 0x0000015013020000)

Polling page: 0x00000150703c0000

Metaspace:
Metaspace        used 171852K, committed 174400K, reserved 1245184K
 class space     used 23055K, committed 24256K, reserved 1048576K

Usage:
  Non-class:    145.31 MB used.
      Class:     22.51 MB used.
       Both:    167.83 MB used.

Virtual space:
  Non-class space:      192.00 MB reserved,     146.62 MB ( 76%) committed,  3 nodes.
      Class space:        1.00 GB reserved,      23.69 MB (  2%) committed,  1 nodes.
             Both:        1.19 GB reserved,     170.31 MB ( 14%) committed. 

Chunk freelists:
   Non-Class:  13.12 MB
       Class:  8.15 MB
        Both:  21.27 MB

MaxMetaspaceSize: unlimited
CompressedClassSpaceSize: 1.00 GB
Initial GC threshold: 21.00 MB
Current GC threshold: 282.62 MB
CDS: on
 - commit_granule_bytes: 65536.
 - commit_granule_words: 8192.
 - virtual_space_node_default_size: 8388608.
 - enlarge_chunks_in_place: 1.
UseCompressedClassPointers 1, UseCompactObjectHeaders 0
Narrow klass pointer bits 32, Max shift 3
Narrow klass base: 0x0000000089000000, Narrow klass shift: 0
Encoding Range: [0x0000000089000000 - 0x0000000189000000), (4294967296 bytes)
Klass Range:    [0x0000000089010000 - 0x00000000ca000000), (1090453504 bytes)
Klass ID Range:  [65536 - 1090519033) (1090453497)
Protection zone: [0x0000000089000000 - 0x0000000089010000), (65536 bytes)


Internal statistics:

num_allocs_failed_limit: 9.
num_arena_births: 4432.
num_arena_deaths: 2.
num_vsnodes_births: 4.
num_vsnodes_deaths: 0.
num_space_committed: 2724.
num_space_uncommitted: 0.
num_chunks_returned_to_freelist: 17.
num_chunks_taken_from_freelist: 11371.
num_chunk_merges: 9.
num_chunk_splits: 8156.
num_chunks_enlarged: 5998.
num_inconsistent_stats: 0.

CodeHeap 'non-profiled nmethods': size=120064Kb used=9323Kb max_used=9551Kb free=110740Kb
 bounds [0x0000015007ae0000, 0x0000015008440000, 0x000001500f020000]
CodeHeap 'profiled nmethods': size=120064Kb used=41340Kb max_used=41340Kb free=78724Kb
 bounds [0x0000015000000000, 0x0000015002860000, 0x0000015007540000]
CodeHeap 'non-nmethods': size=5760Kb used=2384Kb max_used=2519Kb free=3375Kb
 bounds [0x0000015007540000, 0x00000150077c0000, 0x0000015007ae0000]
CodeCache: size=245888Kb, used=53047Kb, max_used=53410Kb, free=192839Kb
 total_blobs=22763, nmethods=21554, adapters=1108, full_count=0
Compilation: enabled, stopped_count=0, restarted_count=0

Compilation events (20 events):
Event: 73.694 Thread 0x000001507ee318b0 25438       2       org.jetbrains.kotlin.com.intellij.core.CoreApplicationEnvironment::registerExtensionPoint (80 bytes)
Event: 73.695 Thread 0x000001507ee318b0 nmethod 25438 0x000001500285c508 code [0x000001500285c600, 0x000001500285cb00]
Event: 73.695 Thread 0x000001507ee318b0 25442       2       org.jetbrains.kotlin.it.unimi.dsi.fastutil.objects.Reference2ObjectOpenHashMap::find (103 bytes)
Event: 73.695 Thread 0x000001507ee318b0 nmethod 25442 0x000001500285cb88 code [0x000001500285cc80, 0x000001500285cfb8]
Event: 73.695 Thread 0x000001507ee318b0 25439       2       org.jetbrains.kotlin.com.intellij.util.DefaultJava11Shim::copyOfList (23 bytes)
Event: 73.695 Thread 0x000001507ee318b0 nmethod 25439 0x000001500285d008 code [0x000001500285d100, 0x000001500285d488]
Event: 73.695 Thread 0x000001507ee318b0 25440   !   2       org.jetbrains.kotlin.com.intellij.util.containers.RefHashMap::remove (53 bytes)
Event: 73.695 Thread 0x000001507ee318b0 nmethod 25440 0x000001500285d508 code [0x000001500285d600, 0x000001500285d960]
Event: 73.695 Thread 0x000001507ee318b0 25441       2       org.jetbrains.kotlin.it.unimi.dsi.fastutil.objects.Reference2ObjectOpenHashMap::put (43 bytes)
Event: 73.695 Thread 0x000001507ee318b0 nmethod 25441 0x000001500285d988 code [0x000001500285da80, 0x000001500285dd40]
Event: 73.695 Thread 0x000001507ee318b0 25436       2       org.jetbrains.kotlin.com.intellij.openapi.util.NotNullLazyValue::<init> (5 bytes)
Event: 73.695 Thread 0x000001507ee318b0 nmethod 25436 0x000001500285dd88 code [0x000001500285de80, 0x000001500285df80]
Event: 73.697 Thread 0x000001507ee318b0 25443       2       org.jetbrains.kotlin.com.intellij.psi.tree.TokenSet::<init> (49 bytes)
Event: 73.698 Thread 0x000001507ee318b0 nmethod 25443 0x000001500285e088 code [0x000001500285e180, 0x000001500285e410]
Event: 73.701 Thread 0x000001507ee318b0 25444       2       java.util.regex.Pattern$BranchConn::match (11 bytes)
Event: 73.702 Thread 0x000001507ee318b0 nmethod 25444 0x000001500285e488 code [0x000001500285e580, 0x000001500285e6b8]
Event: 73.702 Thread 0x000001507ee318b0 25445       2       kotlin.script.experimental.util.PropertiesCollection$PropertyKeyDelegate$$Lambda/0x000000008ad44c98::invoke (12 bytes)
Event: 73.702 Thread 0x000001507ee318b0 nmethod 25445 0x000001500285e788 code [0x000001500285e880, 0x000001500285eb88]
Event: 73.702 Thread 0x000001507ee318b0 25446       2       kotlin.script.experimental.util.PropertiesCollection$PropertyKeyDelegate::_init_$lambda$0 (8 bytes)
Event: 73.702 Thread 0x000001507ee318b0 nmethod 25446 0x000001500285ec08 code [0x000001500285ed00, 0x000001500285ef90]

GC Heap Usage History (20 events):
Event: 58.036 {heap After GC invocations=53 (full 0):
 garbage-first heap   total reserved 4194304K, committed 319488K, used 271965K [0x0000000700000000, 0x0000000800000000)
  region size 2048K, 3 young (6144K), 3 survivors (6144K)
}
Event: 58.204 {heap Before GC invocations=54 (full 0):
 garbage-first heap   total reserved 4194304K, committed 430080K, used 282205K [0x0000000700000000, 0x0000000800000000)
  region size 2048K, 15 young (30720K), 3 survivors (6144K)
}
Event: 58.214 {heap After GC invocations=55 (full 0):
 garbage-first heap   total reserved 4194304K, committed 690176K, used 265081K [0x0000000700000000, 0x0000000800000000)
  region size 2048K, 2 young (4096K), 2 survivors (4096K)
}
Event: 63.685 {heap Before GC invocations=55 (full 0):
 garbage-first heap   total reserved 4194304K, committed 690176K, used 549753K [0x0000000700000000, 0x0000000800000000)
  region size 2048K, 142 young (290816K), 2 survivors (4096K)
}
Event: 63.735 {heap After GC invocations=56 (full 0):
 garbage-first heap   total reserved 4194304K, committed 690176K, used 345129K [0x0000000700000000, 0x0000000800000000)
  region size 2048K, 18 young (36864K), 18 survivors (36864K)
}
Event: 69.193 {heap Before GC invocations=56 (full 0):
 garbage-first heap   total reserved 4194304K, committed 690176K, used 527401K [0x0000000700000000, 0x0000000800000000)
  region size 2048K, 107 young (219136K), 18 survivors (36864K)
}
Event: 69.268 {heap After GC invocations=57 (full 0):
 garbage-first heap   total reserved 4194304K, committed 690176K, used 362355K [0x0000000700000000, 0x0000000800000000)
  region size 2048K, 14 young (28672K), 14 survivors (28672K)
}
Event: 70.185 {heap Before GC invocations=57 (full 0):
 garbage-first heap   total reserved 4194304K, committed 690176K, used 536435K [0x0000000700000000, 0x0000000800000000)
  region size 2048K, 99 young (202752K), 14 survivors (28672K)
}
Event: 70.231 {heap After GC invocations=58 (full 0):
 garbage-first heap   total reserved 4194304K, committed 690176K, used 421888K [0x0000000700000000, 0x0000000800000000)
  region size 2048K, 13 young (26624K), 13 survivors (26624K)
}
Event: 70.827 {heap Before GC invocations=59 (full 0):
 garbage-first heap   total reserved 4194304K, committed 690176K, used 552960K [0x0000000700000000, 0x0000000800000000)
  region size 2048K, 83 young (169984K), 13 survivors (26624K)
}
Event: 70.868 {heap After GC invocations=60 (full 0):
 garbage-first heap   total reserved 4194304K, committed 690176K, used 464896K [0x0000000700000000, 0x0000000800000000)
  region size 2048K, 11 young (22528K), 11 survivors (22528K)
}
Event: 71.771 {heap Before GC invocations=60 (full 0):
 garbage-first heap   total reserved 4194304K, committed 690176K, used 581632K [0x0000000700000000, 0x0000000800000000)
  region size 2048K, 68 young (139264K), 11 survivors (22528K)
}
Event: 71.812 {heap After GC invocations=61 (full 0):
 garbage-first heap   total reserved 4194304K, committed 690176K, used 470016K [0x0000000700000000, 0x0000000800000000)
  region size 2048K, 9 young (18432K), 9 survivors (18432K)
}
Event: 72.196 {heap Before GC invocations=61 (full 0):
 garbage-first heap   total reserved 4194304K, committed 690176K, used 586752K [0x0000000700000000, 0x0000000800000000)
  region size 2048K, 66 young (135168K), 9 survivors (18432K)
}
Event: 72.207 {heap After GC invocations=62 (full 0):
 garbage-first heap   total reserved 4194304K, committed 690176K, used 479722K [0x0000000700000000, 0x0000000800000000)
  region size 2048K, 4 young (8192K), 4 survivors (8192K)
}
Event: 72.545 {heap Before GC invocations=63 (full 0):
 garbage-first heap   total reserved 4194304K, committed 735232K, used 559594K [0x0000000700000000, 0x0000000800000000)
  region size 2048K, 63 young (129024K), 4 survivors (8192K)
}
Event: 72.573 {heap After GC invocations=64 (full 0):
 garbage-first heap   total reserved 4194304K, committed 735232K, used 480569K [0x0000000700000000, 0x0000000800000000)
  region size 2048K, 8 young (16384K), 8 survivors (16384K)
}
Event: 73.290 {heap Before GC invocations=64 (full 0):
 garbage-first heap   total reserved 4194304K, committed 735232K, used 623929K [0x0000000700000000, 0x0000000800000000)
  region size 2048K, 78 young (159744K), 8 survivors (16384K)
}
Event: 73.322 {heap After GC invocations=65 (full 0):
 garbage-first heap   total reserved 4194304K, committed 735232K, used 528050K [0x0000000700000000, 0x0000000800000000)
  region size 2048K, 10 young (20480K), 10 survivors (20480K)
}
Event: 73.711 {heap Before GC invocations=65 (full 0):
 garbage-first heap   total reserved 4194304K, committed 735232K, used 640690K [0x0000000700000000, 0x0000000800000000)
  region size 2048K, 65 young (133120K), 10 survivors (20480K)
}

Metaspace Usage History (20 events):
Event: 58.036 {metaspace After GC invocations=53 (full 0):
 Metaspace       used 163101K, committed 165568K, reserved 1245184K
  class space    used 22231K, committed 23424K, reserved 1048576K
}
Event: 58.204 {metaspace Before GC invocations=54 (full 0):
 Metaspace       used 163332K, committed 165824K, reserved 1245184K
  class space    used 22241K, committed 23424K, reserved 1048576K
}
Event: 58.214 {metaspace After GC invocations=55 (full 0):
 Metaspace       used 163332K, committed 165824K, reserved 1245184K
  class space    used 22241K, committed 23424K, reserved 1048576K
}
Event: 63.685 {metaspace Before GC invocations=55 (full 0):
 Metaspace       used 168444K, committed 171008K, reserved 1245184K
  class space    used 22813K, committed 24000K, reserved 1048576K
}
Event: 63.735 {metaspace After GC invocations=56 (full 0):
 Metaspace       used 168444K, committed 171008K, reserved 1245184K
  class space    used 22813K, committed 24000K, reserved 1048576K
}
Event: 69.193 {metaspace Before GC invocations=56 (full 0):
 Metaspace       used 169658K, committed 172224K, reserved 1245184K
  class space    used 22991K, committed 24192K, reserved 1048576K
}
Event: 69.268 {metaspace After GC invocations=57 (full 0):
 Metaspace       used 169658K, committed 172224K, reserved 1245184K
  class space    used 22991K, committed 24192K, reserved 1048576K
}
Event: 70.185 {metaspace Before GC invocations=57 (full 0):
 Metaspace       used 170292K, committed 172800K, reserved 1245184K
  class space    used 23016K, committed 24192K, reserved 1048576K
}
Event: 70.231 {metaspace After GC invocations=58 (full 0):
 Metaspace       used 170292K, committed 172800K, reserved 1245184K
  class space    used 23016K, committed 24192K, reserved 1048576K
}
Event: 70.827 {metaspace Before GC invocations=59 (full 0):
 Metaspace       used 170478K, committed 172992K, reserved 1245184K
  class space    used 23021K, committed 24192K, reserved 1048576K
}
Event: 70.868 {metaspace After GC invocations=60 (full 0):
 Metaspace       used 170478K, committed 172992K, reserved 1245184K
  class space    used 23021K, committed 24192K, reserved 1048576K
}
Event: 71.771 {metaspace Before GC invocations=60 (full 0):
 Metaspace       used 170841K, committed 173376K, reserved 1245184K
  class space    used 23032K, committed 24256K, reserved 1048576K
}
Event: 71.812 {metaspace After GC invocations=61 (full 0):
 Metaspace       used 170841K, committed 173376K, reserved 1245184K
  class space    used 23032K, committed 24256K, reserved 1048576K
}
Event: 72.196 {metaspace Before GC invocations=61 (full 0):
 Metaspace       used 171064K, committed 173568K, reserved 1245184K
  class space    used 23035K, committed 24256K, reserved 1048576K
}
Event: 72.207 {metaspace After GC invocations=62 (full 0):
 Metaspace       used 171064K, committed 173568K, reserved 1245184K
  class space    used 23035K, committed 24256K, reserved 1048576K
}
Event: 72.545 {metaspace Before GC invocations=63 (full 0):
 Metaspace       used 171115K, committed 173632K, reserved 1245184K
  class space    used 23036K, committed 24256K, reserved 1048576K
}
Event: 72.573 {metaspace After GC invocations=64 (full 0):
 Metaspace       used 171115K, committed 173632K, reserved 1245184K
  class space    used 23036K, committed 24256K, reserved 1048576K
}
Event: 73.290 {metaspace Before GC invocations=64 (full 0):
 Metaspace       used 171637K, committed 174144K, reserved 1245184K
  class space    used 23051K, committed 24256K, reserved 1048576K
}
Event: 73.322 {metaspace After GC invocations=65 (full 0):
 Metaspace       used 171637K, committed 174144K, reserved 1245184K
  class space    used 23051K, committed 24256K, reserved 1048576K
}
Event: 73.711 {metaspace Before GC invocations=65 (full 0):
 Metaspace       used 171852K, committed 174400K, reserved 1245184K
  class space    used 23055K, committed 24256K, reserved 1048576K
}

Dll operation events (14 events):
Event: 0.110 Loaded shared library C:\Users\Abraham Sistemas\.gradle\jdks\eclipse_adoptium-25-amd64-windows.2\bin\java.dll
Event: 0.446 Loaded shared library C:\Users\Abraham Sistemas\.gradle\jdks\eclipse_adoptium-25-amd64-windows.2\bin\zip.dll
Event: 0.455 Loaded shared library C:\Users\Abraham Sistemas\.gradle\jdks\eclipse_adoptium-25-amd64-windows.2\bin\instrument.dll
Event: 0.471 Loaded shared library C:\Users\Abraham Sistemas\.gradle\jdks\eclipse_adoptium-25-amd64-windows.2\bin\net.dll
Event: 0.482 Loaded shared library C:\Users\Abraham Sistemas\.gradle\jdks\eclipse_adoptium-25-amd64-windows.2\bin\nio.dll
Event: 0.486 Loaded shared library C:\Users\Abraham Sistemas\.gradle\jdks\eclipse_adoptium-25-amd64-windows.2\bin\zip.dll
Event: 1.096 Loaded shared library C:\Users\Abraham Sistemas\.gradle\jdks\eclipse_adoptium-25-amd64-windows.2\bin\jimage.dll
Event: 1.781 Loaded shared library C:\Users\Abraham Sistemas\.gradle\jdks\eclipse_adoptium-25-amd64-windows.2\bin\verify.dll
Event: 1.825 Loaded shared library C:\Users\Abraham Sistemas\.gradle\native\660c5614fbf4a5f2a75b1949f50a0caf5cd603558e7d8a26e50b933a0cfb79d1\windows-amd64\native-platform.dll
Event: 1.850 Loaded shared library C:\Users\Abraham Sistemas\.gradle\native\0.2.8\x86_64-windows-gnu\gradle-fileevents.dll
Event: 3.518 Loaded shared library C:\Users\Abraham Sistemas\.gradle\jdks\eclipse_adoptium-25-amd64-windows.2\bin\management.dll
Event: 3.530 Loaded shared library C:\Users\Abraham Sistemas\.gradle\jdks\eclipse_adoptium-25-amd64-windows.2\bin\management_ext.dll
Event: 3.840 Loaded shared library C:\Users\Abraham Sistemas\.gradle\jdks\eclipse_adoptium-25-amd64-windows.2\bin\extnet.dll
Event: 4.252 Loaded shared library C:\Users\Abraham Sistemas\.gradle\jdks\eclipse_adoptium-25-amd64-windows.2\bin\sunmscapi.dll

Deoptimization events (20 events):
Event: 73.129 Thread 0x000001501867fb60 DEOPT PACKING pc=0x00000150018aa159 sp=0x0000002dcc3f88e0
Event: 73.129 Thread 0x000001501867fb60 DEOPT UNPACKING pc=0x0000015007591702 sp=0x0000002dcc3f7d20 mode 0
Event: 73.138 Thread 0x000001501867fb60 DEOPT PACKING pc=0x0000015001415fdb sp=0x0000002dcc3f8a90
Event: 73.138 Thread 0x000001501867fb60 DEOPT UNPACKING pc=0x0000015007591702 sp=0x0000002dcc3f7f08 mode 0
Event: 73.211 Thread 0x000001501867fb60 Uncommon trap: trap_request=0xffffffc6 fr.pc=0x00000150081eedd0 relative=0x0000000000000d50
Event: 73.211 Thread 0x000001501867fb60 Uncommon trap: reason=bimorphic_or_optimized_type_check action=maybe_recompile pc=0x00000150081eedd0 method=org.gradle.internal.snapshot.LargeChildMap.withNode(Lorg/gradle/internal/snapshot/VfsRelativePath;Lorg/gradle/internal/snapshot/CaseSensitivity;Lor
Event: 73.211 Thread 0x000001501867fb60 DEOPT PACKING pc=0x00000150081eedd0 sp=0x0000002dcc3f7c10
Event: 73.211 Thread 0x000001501867fb60 DEOPT UNPACKING pc=0x0000015007663602 sp=0x0000002dcc3f7bf0 mode 2
Event: 73.211 Thread 0x000001501867fb60 Uncommon trap: trap_request=0xffffffc6 fr.pc=0x00000150081eedd0 relative=0x0000000000000d50
Event: 73.211 Thread 0x000001501867fb60 Uncommon trap: reason=bimorphic_or_optimized_type_check action=maybe_recompile pc=0x00000150081eedd0 method=org.gradle.internal.snapshot.LargeChildMap.withNode(Lorg/gradle/internal/snapshot/VfsRelativePath;Lorg/gradle/internal/snapshot/CaseSensitivity;Lor
Event: 73.211 Thread 0x000001501867fb60 DEOPT PACKING pc=0x00000150081eedd0 sp=0x0000002dcc3f78b0
Event: 73.211 Thread 0x000001501867fb60 DEOPT UNPACKING pc=0x0000015007663602 sp=0x0000002dcc3f7890 mode 2
Event: 73.211 Thread 0x000001501867fb60 Uncommon trap: trap_request=0xffffffc6 fr.pc=0x00000150081eedd0 relative=0x0000000000000d50
Event: 73.211 Thread 0x000001501867fb60 Uncommon trap: reason=bimorphic_or_optimized_type_check action=maybe_recompile pc=0x00000150081eedd0 method=org.gradle.internal.snapshot.LargeChildMap.withNode(Lorg/gradle/internal/snapshot/VfsRelativePath;Lorg/gradle/internal/snapshot/CaseSensitivity;Lor
Event: 73.211 Thread 0x000001501867fb60 DEOPT PACKING pc=0x00000150081eedd0 sp=0x0000002dcc3f75f0
Event: 73.211 Thread 0x000001501867fb60 DEOPT UNPACKING pc=0x0000015007663602 sp=0x0000002dcc3f75d0 mode 2
Event: 73.683 Thread 0x000001501867fb60 Uncommon trap: trap_request=0xffffffc6 fr.pc=0x00000150081eedd0 relative=0x0000000000000d50
Event: 73.683 Thread 0x000001501867fb60 Uncommon trap: reason=bimorphic_or_optimized_type_check action=maybe_recompile pc=0x00000150081eedd0 method=org.gradle.internal.snapshot.LargeChildMap.withNode(Lorg/gradle/internal/snapshot/VfsRelativePath;Lorg/gradle/internal/snapshot/CaseSensitivity;Lor
Event: 73.683 Thread 0x000001501867fb60 DEOPT PACKING pc=0x00000150081eedd0 sp=0x0000002dcc3f76a0
Event: 73.683 Thread 0x000001501867fb60 DEOPT UNPACKING pc=0x0000015007663602 sp=0x0000002dcc3f7680 mode 2

Classes loaded (20 events):
Event: 53.382 Loading class java/net/URLEncoder
Event: 53.382 Loading class java/net/URLEncoder done
Event: 53.382 Loading class jdk/internal/util/ImmutableBitSetPredicate
Event: 53.383 Loading class jdk/internal/util/ImmutableBitSetPredicate done
Event: 53.385 Loading class jdk/internal/util/ImmutableBitSetPredicate$SmallImmutableBitSetPredicate
Event: 53.385 Loading class jdk/internal/util/ImmutableBitSetPredicate$SmallImmutableBitSetPredicate done
Event: 53.395 Loading class java/nio/file/StandardCopyOption
Event: 53.396 Loading class java/nio/file/StandardCopyOption done
Event: 53.396 Loading class sun/nio/fs/WindowsFileCopy
Event: 53.396 Loading class sun/nio/fs/WindowsFileCopy done
Event: 54.143 Loading class java/util/stream/ReduceOps$6
Event: 54.144 Loading class java/util/stream/ReduceOps$6 done
Event: 54.144 Loading class java/util/stream/ReduceOps$5ReducingSink
Event: 54.144 Loading class java/util/stream/ReduceOps$5ReducingSink done
Event: 56.343 Loading class java/lang/StackTraceElement$HashedModules
Event: 56.345 Loading class java/lang/StackTraceElement$HashedModules done
Event: 56.385 Loading class java/io/CharArrayReader
Event: 56.386 Loading class java/io/CharArrayReader done
Event: 70.788 Loading class java/util/concurrent/locks/AbstractQueuedLongSynchronizer$Node
Event: 70.790 Loading class java/util/concurrent/locks/AbstractQueuedLongSynchronizer$Node done

Classes unloaded (14 events):
Event: 21.498 Thread 0x000001507edc58c0 Unloading class 0x000000008a6edfc0 '_BuildScript_$_run_closure1$_closure2$_closure3$_closure4$_closure11$_closure13'
Event: 21.498 Thread 0x000001507edc58c0 Unloading class 0x000000008a6edbc8 '_BuildScript_$_run_closure1$_closure2$_closure3$_closure4$_closure11'
Event: 21.498 Thread 0x000001507edc58c0 Unloading class 0x000000008a6ed7d0 '_BuildScript_$_run_closure1$_closure2$_closure3$_closure4$_closure10'
Event: 21.498 Thread 0x000001507edc58c0 Unloading class 0x000000008a6ed3d8 '_BuildScript_$_run_closure1$_closure2$_closure3$_closure4$_closure9'
Event: 21.498 Thread 0x000001507edc58c0 Unloading class 0x000000008a6ecfe0 '_BuildScript_$_run_closure1$_closure2$_closure3$_closure4$_closure8$_closure12'
Event: 21.498 Thread 0x000001507edc58c0 Unloading class 0x000000008a6ecbe8 '_BuildScript_$_run_closure1$_closure2$_closure3$_closure4$_closure8'
Event: 21.498 Thread 0x000001507edc58c0 Unloading class 0x000000008a6ec7f0 '_BuildScript_$_run_closure1$_closure2$_closure3$_closure4$_closure7'
Event: 21.498 Thread 0x000001507edc58c0 Unloading class 0x000000008a6ec3f8 '_BuildScript_$_run_closure1$_closure2$_closure3$_closure4$_closure6'
Event: 21.498 Thread 0x000001507edc58c0 Unloading class 0x000000008a6ec000 '_BuildScript_$_run_closure1$_closure2$_closure3$_closure4$_closure5'
Event: 21.498 Thread 0x000001507edc58c0 Unloading class 0x000000008a6e13f8 '_BuildScript_$_run_closure1$_closure2$_closure3$_closure4'
Event: 21.498 Thread 0x000001507edc58c0 Unloading class 0x000000008a6e1000 '_BuildScript_$_run_closure1$_closure2$_closure3'
Event: 21.498 Thread 0x000001507edc58c0 Unloading class 0x000000008a6e08f0 '_BuildScript_$_run_closure1$_closure2'
Event: 21.498 Thread 0x000001507edc58c0 Unloading class 0x000000008a6e0500 '_BuildScript_$_run_closure1'
Event: 21.498 Thread 0x000001507edc58c0 Unloading class 0x000000008a6e0000 '_BuildScript_'

Classes redefined (0 events):
No events

Internal exceptions (20 events):
Event: 73.065 Thread 0x000001501867fb60 Exception <a 'sun/nio/fs/WindowsException'{0x0000000726760138}> (0x0000000726760138) 
thrown [s\src\hotspot\share\prims\jni.cpp, line 516]
Event: 73.067 Thread 0x000001501867fb60 Exception <a 'sun/nio/fs/WindowsException'{0x000000072676cb88}> (0x000000072676cb88) 
thrown [s\src\hotspot\share\prims\jni.cpp, line 516]
Event: 73.069 Thread 0x000001501867fb60 Exception <a 'sun/nio/fs/WindowsException'{0x0000000726792f08}> (0x0000000726792f08) 
thrown [s\src\hotspot\share\prims\jni.cpp, line 516]
Event: 73.074 Thread 0x000001501867fb60 Exception <a 'sun/nio/fs/WindowsException'{0x000000072679aa80}> (0x000000072679aa80) 
thrown [s\src\hotspot\share\prims\jni.cpp, line 516]
Event: 73.085 Thread 0x000001501867fb60 Exception <a 'sun/nio/fs/WindowsException'{0x00000007267a68c8}> (0x00000007267a68c8) 
thrown [s\src\hotspot\share\prims\jni.cpp, line 516]
Event: 73.211 Thread 0x000001501867fb60 Exception <a 'sun/nio/fs/WindowsException'{0x0000000725d46cd0}> (0x0000000725d46cd0) 
thrown [s\src\hotspot\share\prims\jni.cpp, line 516]
Event: 73.212 Thread 0x000001501867fb60 Exception <a 'java/io/IOException'{0x0000000725d490b8}> (0x0000000725d490b8) 
thrown [s\src\hotspot\share\prims\jni.cpp, line 516]
Event: 73.214 Thread 0x000001501867fb60 Exception <a 'java/io/FileNotFoundException'{0x0000000725d4d0c0}> (0x0000000725d4d0c0) 
thrown [s\src\hotspot\share\prims\jni.cpp, line 516]
Event: 73.222 Thread 0x000001501867fb60 Exception <a 'sun/nio/fs/WindowsException'{0x0000000725d96fa0}> (0x0000000725d96fa0) 
thrown [s\src\hotspot\share\prims\jni.cpp, line 516]
Event: 73.222 Thread 0x000001501867fb60 Exception <a 'sun/nio/fs/WindowsException'{0x0000000725d98e48}> (0x0000000725d98e48) 
thrown [s\src\hotspot\share\prims\jni.cpp, line 516]
Event: 73.596 Thread 0x000001501867fb60 Exception <a 'sun/nio/fs/WindowsException'{0x0000000726d5ff70}> (0x0000000726d5ff70) 
thrown [s\src\hotspot\share\prims\jni.cpp, line 516]
Event: 73.597 Thread 0x000001501867fb60 Exception <a 'sun/nio/fs/WindowsException'{0x0000000726d61c08}> (0x0000000726d61c08) 
thrown [s\src\hotspot\share\prims\jni.cpp, line 516]
Event: 73.598 Thread 0x000001501867fb60 Exception <a 'sun/nio/fs/WindowsException'{0x0000000726d73240}> (0x0000000726d73240) 
thrown [s\src\hotspot\share\prims\jni.cpp, line 516]
Event: 73.602 Thread 0x000001501867fb60 Exception <a 'sun/nio/fs/WindowsException'{0x0000000726d85458}> (0x0000000726d85458) 
thrown [s\src\hotspot\share\prims\jni.cpp, line 516]
Event: 73.608 Thread 0x000001501867fb60 Exception <a 'sun/nio/fs/WindowsException'{0x0000000726d900f8}> (0x0000000726d900f8) 
thrown [s\src\hotspot\share\prims\jni.cpp, line 516]
Event: 73.683 Thread 0x000001501867fb60 Exception <a 'sun/nio/fs/WindowsException'{0x000000072677daf0}> (0x000000072677daf0) 
thrown [s\src\hotspot\share\prims\jni.cpp, line 516]
Event: 73.684 Thread 0x000001501867fb60 Exception <a 'java/io/IOException'{0x000000072677ff10}> (0x000000072677ff10) 
thrown [s\src\hotspot\share\prims\jni.cpp, line 516]
Event: 73.685 Thread 0x000001501867fb60 Exception <a 'java/io/FileNotFoundException'{0x00000007267841c8}> (0x00000007267841c8) 
thrown [s\src\hotspot\share\prims\jni.cpp, line 516]
Event: 73.692 Thread 0x000001501867fb60 Exception <a 'sun/nio/fs/WindowsException'{0x00000007267c0368}> (0x00000007267c0368) 
thrown [s\src\hotspot\share\prims\jni.cpp, line 516]
Event: 73.693 Thread 0x000001501867fb60 Exception <a 'sun/nio/fs/WindowsException'{0x00000007267c2210}> (0x00000007267c2210) 
thrown [s\src\hotspot\share\prims\jni.cpp, line 516]

VM Operations (20 events):
Event: 70.231 Executing safepoint VM operation: G1CollectForAllocation (G1 Evacuation Pause) done
Event: 70.560 Executing safepoint VM operation: G1PauseRemark
Event: 70.589 Executing safepoint VM operation: G1PauseRemark done
Event: 70.704 Executing safepoint VM operation: G1PauseCleanup
Event: 70.704 Executing safepoint VM operation: G1PauseCleanup done
Event: 70.827 Executing safepoint VM operation: G1CollectForAllocation (G1 Evacuation Pause)
Event: 70.868 Executing safepoint VM operation: G1CollectForAllocation (G1 Evacuation Pause) done
Event: 71.771 Executing safepoint VM operation: G1CollectForAllocation (G1 Evacuation Pause)
Event: 71.812 Executing safepoint VM operation: G1CollectForAllocation (G1 Evacuation Pause) done
Event: 72.195 Executing safepoint VM operation: G1CollectForAllocation (G1 Evacuation Pause)
Event: 72.207 Executing safepoint VM operation: G1CollectForAllocation (G1 Evacuation Pause) done
Event: 72.524 Executing safepoint VM operation: G1PauseRemark
Event: 72.534 Executing safepoint VM operation: G1PauseRemark done
Event: 72.544 Executing safepoint VM operation: G1CollectForAllocation (G1 Evacuation Pause)
Event: 72.574 Executing safepoint VM operation: G1CollectForAllocation (G1 Evacuation Pause) done
Event: 72.697 Executing safepoint VM operation: G1PauseCleanup
Event: 72.697 Executing safepoint VM operation: G1PauseCleanup done
Event: 73.290 Executing safepoint VM operation: G1CollectForAllocation (G1 Evacuation Pause)
Event: 73.322 Executing safepoint VM operation: G1CollectForAllocation (G1 Evacuation Pause) done
Event: 73.711 Executing safepoint VM operation: G1CollectForAllocation (G1 Evacuation Pause)

Memory protections (0 events):
No events

Nmethod flushes (20 events):
Event: 72.533 Thread 0x000001507edc58c0 flushing  nmethod 0x00000150011adb88
Event: 72.533 Thread 0x000001507edc58c0 flushing  nmethod 0x0000015001393608
Event: 72.533 Thread 0x000001507edc58c0 flushing  nmethod 0x000001500139ac88
Event: 72.533 Thread 0x000001507edc58c0 flushing  nmethod 0x000001500143ed88
Event: 72.533 Thread 0x000001507edc58c0 flushing  nmethod 0x0000015001441208
Event: 72.533 Thread 0x000001507edc58c0 flushing  nmethod 0x00000150014d7188
Event: 72.533 Thread 0x000001507edc58c0 flushing  nmethod 0x0000015001676688
Event: 72.533 Thread 0x000001507edc58c0 flushing  nmethod 0x0000015001682308
Event: 72.533 Thread 0x000001507edc58c0 flushing  nmethod 0x00000150016e8108
Event: 72.533 Thread 0x000001507edc58c0 flushing  nmethod 0x000001500177a988
Event: 72.533 Thread 0x000001507edc58c0 flushing  nmethod 0x000001500177e008
Event: 72.533 Thread 0x000001507edc58c0 flushing  nmethod 0x00000150017e1688
Event: 72.533 Thread 0x000001507edc58c0 flushing  nmethod 0x0000015001833708
Event: 72.533 Thread 0x000001507edc58c0 flushing  nmethod 0x0000015001834508
Event: 72.533 Thread 0x000001507edc58c0 flushing  nmethod 0x000001500199e808
Event: 72.533 Thread 0x000001507edc58c0 flushing  nmethod 0x00000150019ed488
Event: 72.533 Thread 0x000001507edc58c0 flushing  nmethod 0x0000015001af9a88
Event: 72.533 Thread 0x000001507edc58c0 flushing  nmethod 0x0000015002017408
Event: 72.533 Thread 0x000001507edc58c0 flushing  nmethod 0x00000150020a0c08
Event: 72.533 Thread 0x000001507edc58c0 flushing  nmethod 0x0000015002137208

Events (20 events):
Event: 35.840 Thread 0x000001501df7adf0 Thread exited: 0x000001501df7adf0
Event: 35.933 Thread 0x000001507ee318b0 Thread added: 0x000001501df7adf0
Event: 36.136 Thread 0x000001501df7adf0 Thread exited: 0x000001501df7adf0
Event: 36.405 Thread 0x000001507ee17d00 Thread added: 0x000001501df7adf0
Event: 36.766 Thread 0x000001501df7adf0 Thread exited: 0x000001501df7adf0
Event: 37.187 Thread 0x000001507ee318b0 Thread added: 0x000001501acaff30
Event: 37.393 Thread 0x000001501acaff30 Thread exited: 0x000001501acaff30
Event: 40.767 Thread 0x000001507ee17d00 Thread added: 0x000001501df7ce30
Event: 42.370 Thread 0x000001501df7ce30 Thread exited: 0x000001501df7ce30
Event: 45.618 Thread 0x000001507ee318b0 Thread added: 0x000001501ad46520
Event: 46.115 Thread 0x000001501ad46520 Thread exited: 0x000001501ad46520
Event: 51.646 Thread 0x000001507ee318b0 Thread added: 0x000001501ad46520
Event: 52.309 Thread 0x000001501ad46520 Thread exited: 0x000001501ad46520
Event: 54.145 Thread 0x000001507ee17d00 Thread added: 0x000001501ad4a5a0
Event: 54.350 Thread 0x000001501ad4a5a0 Thread exited: 0x000001501ad4a5a0
Event: 56.411 Thread 0x000001501867fb60 Thread added: 0x00000150320d0600
Event: 56.499 Thread 0x000001507ee318b0 Thread added: 0x000001501ad4e620
Event: 59.904 Thread 0x000001501ad4e620 Thread exited: 0x000001501ad4e620
Event: 68.865 Thread 0x000001507ee318b0 Thread added: 0x000001501f7591a0
Event: 71.841 Thread 0x000001501f7591a0 Thread exited: 0x000001501f7591a0


Dynamic libraries:
0x00007ff788c90000 - 0x00007ff788c9e000 	C:\Users\Abraham Sistemas\.gradle\jdks\eclipse_adoptium-25-amd64-windows.2\bin\java.exe
0x00007ffb00c60000 - 0x00007ffb00ec7000 	C:\WINDOWS\SYSTEM32\ntdll.dll
0x00007ffabed40000 - 0x00007ffabed61000 	C:\Program Files\Norton\Suite\aswhook.dll
0x00007ffaffab0000 - 0x00007ffaffb7b000 	C:\WINDOWS\System32\KERNEL32.DLL
0x00007ffafe000000 - 0x00007ffafe402000 	C:\WINDOWS\System32\KERNELBASE.dll
0x00007ffafe5a0000 - 0x00007ffafe6ec000 	C:\WINDOWS\System32\ucrtbase.dll
0x00007ffad1fb0000 - 0x00007ffad1fc6000 	C:\Users\Abraham Sistemas\.gradle\jdks\eclipse_adoptium-25-amd64-windows.2\bin\jli.dll
0x00007ffb00170000 - 0x00007ffb0033f000 	C:\WINDOWS\System32\USER32.dll
0x00007ffafdf20000 - 0x00007ffafdf47000 	C:\WINDOWS\System32\win32u.dll
0x00007ffad1f90000 - 0x00007ffad1fae000 	C:\Users\Abraham Sistemas\.gradle\jdks\eclipse_adoptium-25-amd64-windows.2\bin\VCRUNTIME140.dll
0x00007ffaea5a0000 - 0x00007ffaea830000 	C:\WINDOWS\WinSxS\amd64_microsoft.windows.common-controls_6595b64144ccf1df_6.0.26100.9278_none_3e0d1ba8e3303201\COMCTL32.dll
0x00007ffb00b70000 - 0x00007ffb00c19000 	C:\WINDOWS\System32\msvcrt.dll
0x00007ffb00b40000 - 0x00007ffb00b6b000 	C:\WINDOWS\System32\GDI32.dll
0x00007ffafe790000 - 0x00007ffafe8b9000 	C:\WINDOWS\System32\gdi32full.dll
0x00007ffafdf50000 - 0x00007ffafdff3000 	C:\WINDOWS\System32\msvcp_win.dll
0x00007ffaffb90000 - 0x00007ffaffbc1000 	C:\WINDOWS\System32\IMM32.DLL
0x00007ffad1f80000 - 0x00007ffad1f8c000 	C:\Users\Abraham Sistemas\.gradle\jdks\eclipse_adoptium-25-amd64-windows.2\bin\vcruntime140_1.dll
0x00007ffac7cb0000 - 0x00007ffac7d3d000 	C:\Users\Abraham Sistemas\.gradle\jdks\eclipse_adoptium-25-amd64-windows.2\bin\msvcp140.dll
0x00007ffa436e0000 - 0x00007ffa4460a000 	C:\Users\Abraham Sistemas\.gradle\jdks\eclipse_adoptium-25-amd64-windows.2\bin\server\jvm.dll
0x00007ffb008e0000 - 0x00007ffb0099c000 	C:\WINDOWS\System32\ADVAPI32.dll
0x00007ffb009b0000 - 0x00007ffb00a59000 	C:\WINDOWS\System32\sechost.dll
0x00007ffb00630000 - 0x00007ffb00748000 	C:\WINDOWS\System32\RPCRT4.dll
0x00007ffaffa10000 - 0x00007ffaffa90000 	C:\WINDOWS\System32\WS2_32.dll
0x00007ffafdcc0000 - 0x00007ffafdd1e000 	C:\WINDOWS\SYSTEM32\POWRPROF.dll
0x00007ffaf7b20000 - 0x00007ffaf7b2b000 	C:\WINDOWS\SYSTEM32\VERSION.dll
0x00007ffaee410000 - 0x00007ffaee446000 	C:\WINDOWS\SYSTEM32\WINMM.dll
0x00007ffafdca0000 - 0x00007ffafdcb5000 	C:\WINDOWS\SYSTEM32\UMPDC.dll
0x00007ffafcb00000 - 0x00007ffafcb1b000 	C:\WINDOWS\SYSTEM32\kernel.appcore.dll
0x00007ffac80d0000 - 0x00007ffac80da000 	C:\Users\Abraham Sistemas\.gradle\jdks\eclipse_adoptium-25-amd64-windows.2\bin\jimage.dll
0x00007ffafb530000 - 0x00007ffafb77c000 	C:\WINDOWS\SYSTEM32\DBGHELP.DLL
0x00007ffaffbd0000 - 0x00007ffafff55000 	C:\WINDOWS\System32\combase.dll
0x00007ffb00370000 - 0x00007ffb00449000 	C:\WINDOWS\System32\OLEAUT32.dll
0x00007ffaf2ed0000 - 0x00007ffaf2f0b000 	C:\WINDOWS\SYSTEM32\dbgcore.DLL
0x00007ffafde60000 - 0x00007ffafdf0c000 	C:\WINDOWS\System32\bcryptPrimitives.dll
0x00007ffac80c0000 - 0x00007ffac80cf000 	C:\Users\Abraham Sistemas\.gradle\jdks\eclipse_adoptium-25-amd64-windows.2\bin\instrument.dll
0x00007ffac80a0000 - 0x00007ffac80be000 	C:\Users\Abraham Sistemas\.gradle\jdks\eclipse_adoptium-25-amd64-windows.2\bin\java.dll
0x00007ffaff870000 - 0x00007ffaffa0a000 	C:\WINDOWS\System32\ole32.dll
0x00007ffaff010000 - 0x00007ffaff7a8000 	C:\WINDOWS\System32\SHELL32.dll
0x00007ffafb8a0000 - 0x00007ffafc14e000 	C:\WINDOWS\SYSTEM32\windows.storage.dll
0x00007ffb007e0000 - 0x00007ffb008db000 	C:\WINDOWS\System32\SHCORE.dll
0x00007ffaff800000 - 0x00007ffaff866000 	C:\WINDOWS\System32\shlwapi.dll
0x00007ffafdd80000 - 0x00007ffafdda9000 	C:\WINDOWS\SYSTEM32\profapi.dll
0x00007ffac7c90000 - 0x00007ffac7ca6000 	C:\Users\Abraham Sistemas\.gradle\jdks\eclipse_adoptium-25-amd64-windows.2\bin\zip.dll
0x00007ffac7c70000 - 0x00007ffac7c81000 	C:\Users\Abraham Sistemas\.gradle\jdks\eclipse_adoptium-25-amd64-windows.2\bin\net.dll
0x00007ffafd0b0000 - 0x00007ffafd11c000 	C:\WINDOWS\system32\mswsock.dll
0x00007ffac7c50000 - 0x00007ffac7c66000 	C:\Users\Abraham Sistemas\.gradle\jdks\eclipse_adoptium-25-amd64-windows.2\bin\nio.dll
0x00007ffac8090000 - 0x00007ffac80a0000 	C:\Users\Abraham Sistemas\.gradle\jdks\eclipse_adoptium-25-amd64-windows.2\bin\verify.dll
0x00007ffac8060000 - 0x00007ffac8087000 	C:\Users\Abraham Sistemas\.gradle\native\660c5614fbf4a5f2a75b1949f50a0caf5cd603558e7d8a26e50b933a0cfb79d1\windows-amd64\native-platform.dll
0x00007ffa90600000 - 0x00007ffa90677000 	C:\Users\Abraham Sistemas\.gradle\native\0.2.8\x86_64-windows-gnu\gradle-fileevents.dll
0x00007ffac7be0000 - 0x00007ffac7bea000 	C:\Users\Abraham Sistemas\.gradle\jdks\eclipse_adoptium-25-amd64-windows.2\bin\management.dll
0x00007ffac7bd0000 - 0x00007ffac7bdc000 	C:\Users\Abraham Sistemas\.gradle\jdks\eclipse_adoptium-25-amd64-windows.2\bin\management_ext.dll
0x00007ffafe980000 - 0x00007ffafe988000 	C:\WINDOWS\System32\PSAPI.DLL
0x00007ffafc4a0000 - 0x00007ffafc4d3000 	C:\WINDOWS\SYSTEM32\IPHLPAPI.DLL
0x00007ffaffaa0000 - 0x00007ffaffaaa000 	C:\WINDOWS\System32\NSI.dll
0x00007ffac7bb0000 - 0x00007ffac7bb9000 	C:\Users\Abraham Sistemas\.gradle\jdks\eclipse_adoptium-25-amd64-windows.2\bin\extnet.dll
0x00007ffafd3e0000 - 0x00007ffafd3fb000 	C:\WINDOWS\SYSTEM32\CRYPTSP.dll
0x00007ffafca60000 - 0x00007ffafca99000 	C:\WINDOWS\system32\rsaenh.dll
0x00007ffafd180000 - 0x00007ffafd1b4000 	C:\WINDOWS\SYSTEM32\USERENV.dll
0x00007ffafdd50000 - 0x00007ffafdd7a000 	C:\WINDOWS\SYSTEM32\bcrypt.dll
0x00007ffafd400000 - 0x00007ffafd40c000 	C:\WINDOWS\SYSTEM32\CRYPTBASE.dll
0x00007ffac7ba0000 - 0x00007ffac7bae000 	C:\Users\Abraham Sistemas\.gradle\jdks\eclipse_adoptium-25-amd64-windows.2\bin\sunmscapi.dll
0x00007ffafe410000 - 0x00007ffafe58e000 	C:\WINDOWS\System32\CRYPT32.dll
0x00007ffafd620000 - 0x00007ffafd650000 	C:\WINDOWS\SYSTEM32\ncrypt.dll
0x00007ffafd5d0000 - 0x00007ffafd60f000 	C:\WINDOWS\SYSTEM32\NTASN1.dll
0x00007ffabfcf0000 - 0x00007ffabfcf8000 	C:\WINDOWS\system32\wshunix.dll

JVMTI agents:
C:\Users\Abraham Sistemas\.gradle\wrapper\dists\gradle-9.7.1-bin\1w1c7tv4s851m17nbqdsro2tv\gradle-9.7.1\lib\agents\gradle-instrumentation-agent-9.7.1.jar path:C:\Users\Abraham Sistemas\.gradle\jdks\eclipse_adoptium-25-amd64-windows.2\bin\instrument.dll, loaded, initialized, instrumentlib options:none

dbghelp: loaded successfully - version: 4.0.5 - missing functions: none
symbol engine: initialized successfully - sym options: 0x614 - pdb path: .;C:\Users\Abraham Sistemas\.gradle\jdks\eclipse_adoptium-25-amd64-windows.2\bin;C:\WINDOWS\SYSTEM32;C:\Program Files\Norton\Suite;C:\WINDOWS\WinSxS\amd64_microsoft.windows.common-controls_6595b64144ccf1df_6.0.26100.9278_none_3e0d1ba8e3303201;C:\Users\Abraham Sistemas\.gradle\jdks\eclipse_adoptium-25-amd64-windows.2\bin\server;C:\Users\Abraham Sistemas\.gradle\native\660c5614fbf4a5f2a75b1949f50a0caf5cd603558e7d8a26e50b933a0cfb79d1\windows-amd64;C:\Users\Abraham Sistemas\.gradle\native\0.2.8\x86_64-windows-gnu

VM Arguments:
jvm_args: --add-opens=java.base/java.lang=ALL-UNNAMED --add-opens=java.base/java.lang.invoke=ALL-UNNAMED --add-opens=java.base/java.util=ALL-UNNAMED --add-opens=java.prefs/java.util.prefs=ALL-UNNAMED --add-exports=jdk.compiler/com.sun.tools.javac.api=ALL-UNNAMED --add-exports=jdk.compiler/com.sun.tools.javac.util=ALL-UNNAMED --add-opens=java.base/java.nio.charset=ALL-UNNAMED --add-opens=java.base/java.net=ALL-UNNAMED --add-opens=java.base/java.util.concurrent=ALL-UNNAMED --add-opens=java.base/java.util.concurrent.atomic=ALL-UNNAMED --add-opens=java.xml/javax.xml.namespace=ALL-UNNAMED --add-opens=java.base/java.time=ALL-UNNAMED --enable-native-access=ALL-UNNAMED -Xmx4096m -Dfile.encoding=UTF-8 -Duser.country=MX -Duser.language=es -Duser.variant -javaagent:C:\Users\Abraham Sistemas\.gradle\wrapper\dists\gradle-9.7.1-bin\1w1c7tv4s851m17nbqdsro2tv\gradle-9.7.1\lib\agents\gradle-instrumentation-agent-9.7.1.jar 
java_command: org.gradle.launcher.daemon.bootstrap.GradleDaemon 9.7.1
java_class_path (initial): C:\Users\Abraham Sistemas\.gradle\wrapper\dists\gradle-9.7.1-bin\1w1c7tv4s851m17nbqdsro2tv\gradle-9.7.1\lib\gradle-daemon-main-9.7.1.jar
Launcher Type: SUN_STANDARD

[Global flags]
     intx CICompilerCount                          = 4                                         {product} {ergonomic}
     uint ConcGCThreads                            = 2                                         {product} {ergonomic}
     uint G1ConcRefinementThreads                  = 8                                         {product} {ergonomic}
   size_t G1HeapRegionSize                         = 2097152                                   {product} {ergonomic}
   size_t InitialHeapSize                          = 134217728                                 {product} {ergonomic}
   size_t MarkStackSize                            = 4194304                                   {product} {ergonomic}
   size_t MarkStackSizeMax                         = 536870912                                 {product} {ergonomic}
   size_t MaxHeapSize                              = 4294967296                                {product} {command line}
   size_t MaxNewSize                               = 2575302656                                {product} {ergonomic}
   size_t MinHeapDeltaBytes                        = 2097152                                   {product} {ergonomic}
   size_t MinHeapSize                              = 8388608                                   {product} {ergonomic}
    uintx NonNMethodCodeHeapSize                   = 5898240                                {pd product} {ergonomic}
    uintx NonProfiledCodeHeapSize                  = 122945536                              {pd product} {ergonomic}
    uintx ProfiledCodeHeapSize                     = 122945536                              {pd product} {ergonomic}
    uintx ReservedCodeCacheSize                    = 251789312                              {pd product} {ergonomic}
     bool SegmentedCodeCache                       = true                                      {product} {ergonomic}
   size_t SoftMaxHeapSize                          = 4294967296                             {manageable} {ergonomic}
     bool UseCompressedOops                        = true                           {product lp64_product} {ergonomic}
     bool UseG1GC                                  = true                                      {product} {ergonomic}
     bool UseLargePagesIndividualAllocation        = false                                  {pd product} {ergonomic}

Logging:
Log output configuration:
 #0: stdout all=warning uptime,level,tags foldmultilines=false
 #1: stderr all=off uptime,level,tags foldmultilines=false

Release file:
IMPLEMENTOR="Eclipse Adoptium" 
IMPLEMENTOR_VERSION="Temurin-25.0.3+9" 
JAVA_RUNTIME_VERSION="25.0.3+9-LTS" 
JAVA_VERSION="25.0.3" 
JAVA_VERSION_DATE="2026-04-21" 
LIBC="default" 
MODULES="java.base java.compiler java.datatransfer java.xml java.prefs java.desktop java.instrument java.logging java.management java.security.sasl java.naming java.rmi java.management.rmi java.net.http java.scripting java.security.jgss java.transaction.xa java.sql java.sql.rowset java.xml.crypto java.se java.smartcardio jdk.accessibility jdk.internal.jvmstat jdk.attach jdk.charsets jdk.internal.opt jdk.zipfs jdk.compiler jdk.crypto.cryptoki jdk.crypto.ec jdk.crypto.mscapi jdk.dynalink jdk.internal.ed jdk.editpad jdk.internal.vm.ci jdk.graal.compiler jdk.graal.compiler.management jdk.hotspot.agent jdk.httpserver jdk.incubator.vector jdk.internal.le jdk.internal.md jdk.jartool jdk.javadoc jdk.jcmd jdk.management jdk.management.agent jdk.jconsole jdk.jdeps jdk.jdwp.agent jdk.jdi jdk.jfr jdk.jlink jdk.jpackage jdk.jshell jdk.jsobject jdk.jstatd jdk.localedata jdk.management.jfr jdk.naming.dns jdk.naming.rmi jdk.net jdk.nio.mapmode jdk.sctp jdk.security.auth jdk.security.jgss jdk.unsupported jdk.unsupported.desktop jdk.xml.dom" 
OS_ARCH="x86_64" 
OS_NAME="Windows" 
SOURCE=".:git:cda0a1776184" 
BUILD_SOURCE="git:a612825ee82a20ac872d60958c349854c1f29a8e"
BUILD_SOURCE_REPO="https://github.com/adoptium/temurin-build.git"
SOURCE_REPO="https://github.com/adoptium/jdk25u.git"
FULL_VERSION="25.0.3+9-LTS"
SEMANTIC_VERSION="25.0.3+9"
BUILD_INFO="OS: Windows Server 2022 Version: 10.0"
JVM_VARIANT="Hotspot"
JVM_VERSION="25.0.3+9-LTS"
IMAGE_TYPE="JDK"

Environment Variables:
JAVA_HOME=C:\Program Files\Microsoft\jdk-21.0.12.8-hotspot\
PATH=C:\Program Files\Microsoft\jdk-21.0.12.8-hotspot\bin;C:\WINDOWS\system32;C:\WINDOWS;C:\WINDOWS\System32\Wbem;C:\WINDOWS\System32\WindowsPowerShell\v1.0\;C:\WINDOWS\System32\OpenSSH\;C:\Program Files\Microsoft SQL Server\170\Tools\Binn\;C:\Program Files\Microsoft SQL Server\Client SDK\ODBC\170\Tools\Binn\;C:\Program Files\dotnet\;C:\Users\Abraham Sistemas\AppData\Local\Microsoft\WindowsApps;C:\Users\Abraham Sistemas\AppData\Local\Programs\Microsoft VS Code\bin;C:\ProgramData\Abraham Sistemas\GitHubDesktop\bin;C:\Users\Abraham Sistemas\.local\bin;C:\Users\Abraham Sistemas\.dotnet\tools;C:\Program Files\Docker\Docker\resources\bin;C:\Users\Abraham Sistemas\AppData\Local\Microsoft\WindowsApps;C:\Users\Abraham Sistemas\AppData\Local\Programs\Microsoft VS Code\bin;C:\ProgramData\Abraham Sistemas\GitHubDesktop\bin;C:\Users\Abraham Sistemas\.local\bin;C:\Users\Abraham Sistemas\.dotnet\tools;C:\Program Files\Docker\Docker\resources\bin;C:\ProgramData\DockerDesktop\version-bin;;C:\Users\Abraham Sistemas\AppData\Local\Programs\DockerDesktop\resources\bin;C:\Program Files\smartmontools\bin;C:\Kotlin\kotlinc\bin;C:\Gradle\gradle-8.11\bin
USERNAME=Abraham Sistemas
OS=Windows_NT
PROCESSOR_IDENTIFIER=Intel64 Family 6 Model 142 Stepping 10, GenuineIntel
TMP=C:\Users\ABRAHA~1\AppData\Local\Temp
TEMP=C:\Users\ABRAHA~1\AppData\Local\Temp




Compilation memory statistics disabled.

Periodic native trim disabled

---------------  S Y S T E M  ---------------

OS:
 Windows 11 , 64 bit Build 26100 (10.0.26100.9444)
OS uptime: 0 days 1:06 hours
Hyper-V role detected

CPU: total 8 (initial active 8) (4 cores per cpu, 2 threads per core) family 6 model 142 stepping 10 microcode 0xf0, cx8, cmov, fxsr, ht, mmx, 3dnowpref, sse, sse2, sse3, ssse3, sse4.1, sse4.2, popcnt, lzcnt, tsc, tscinvbit, avx, avx2, aes, erms, clmul, bmi1, bmi2, adx, fma, vzeroupper, clflush, clflushopt, hv, rdtscp, f16c
Processor Information for the first 8 processors :
  Max Mhz: 1992, Current Mhz: 1792, Mhz Limit: 1792

Memory: 4k page, system-wide physical 8089M (314M free)
TotalPageFile size 17213M (AvailPageFile size 190M)
current process WorkingSet (physical memory assigned to process): 1078M, peak: 1078M
current process commit charge ("private bytes"): 1201M, peak: 1792M

vm_info: OpenJDK 64-Bit Server VM (25.0.3+9-LTS) for windows-amd64 JRE (25.0.3+9-LTS), built on 2026-04-21T00:00:00Z with MS VC++ 17.12 (VS2022)

END.
